matchId,teamNumber,allianceColor,humanPlayerLocation,preload,climb,defense,humanPlayerPerformance,matchResult,notes,scoutName,matchStart,submitTime
2024wasam_qm3,1595,Red,None,No,Parked,1,0,Win,"Played well, seemed quite competent at scoring in the speaker from long distances.",Nico,2024-03-23T18:33:01.960Z,2024-03-23T18:36:56.896Z
2024wasam_qm4,4980,Blue,None,No,Climb,3,1,Loss,"Played well, good at scoring amp and can climb well.",Nico,2024-03-23T18:40:30.367Z,2024-03-23T18:43:54.836Z
2024wasam_qm1,3070,Blue,None,Yes,Climb,3,0,Loss,,Andrew Shan ,2024-03-23T18:15:23.430Z,2024-03-23T18:19:16.154Z
2024wasam_qm2,360,Red,None,Yes,Climb,3,0,Win,,Andrew Shan ,2024-03-23T18:25:56.644Z,2024-03-23T18:30:04.636Z
2024wasam_qm3,4180,Blue,None,Yes,None,3,0,Loss,,Andrew Shan ,2024-03-23T18:32:57.429Z,2024-03-23T18:37:10.529Z
2024wasam_qm4,5827,Red,None,Yes,Climb,3,0,Win,,Andrew Shan ,2024-03-23T18:40:25.898Z,2024-03-23T18:44:36.201Z
2024wasam_qm5,1899,Blue,None,Yes,None,3,0,Win,,Andrew Shan ,2024-03-23T18:53:15.541Z,2024-03-23T18:56:16.791Z
2024wasam_qm1,3681,Red,None,Yes,Climb,3,0,Win,Struggled for a long time to pick up a note from the ground at source,Luca,2024-03-23T18:15:26.132Z,2024-03-23T18:18:45.642Z
2024wasam_qm2,2976,Blue,None,No,Parked,4,0,Loss,last couple of notes fired very weakly and just bounced off wall. Seems to like defeding but also was blocking teamates for a bit?,Luca,2024-03-23T18:25:56.052Z,2024-03-23T18:29:38.855Z
2024wasam_qm3,1318,Red,None,No,Climb,3,0,Win,The two amp misses were a mistake. all source pickups were picked up from ground in front of source. last note was barely fired/extremely weak,Luca,2024-03-23T18:32:59.626Z,2024-03-23T18:37:05.209Z
2024wasam_qm4,8248,Blue,None,No,None,3,1,Loss,all source pickups are ground pickups,Luca,2024-03-23T18:40:26.149Z,2024-03-23T18:44:25.585Z
2024wasam_qm5,4173,Red,None,Yes,Parked,3,0,Loss,started to climb with note but fell to the ground. only missed in auto,Luca,2024-03-23T18:53:15.630Z,2024-03-23T18:56:52.595Z
2024wasam_qm1,3574,Blue,None,Yes,None,1,0,Loss,Their robot was not on the field.,Lukas Hlavac,2024-03-23T18:15:28.693Z,2024-03-23T18:19:38.222Z
2024wasam_qm4,4104,Red,None,No,Parked,1,0,Win,Something broke on the robot,Lukas Hlavac,2024-03-23T18:40:37.895Z,2024-03-23T18:44:57.447Z
2024wasam_qm5,949,Blue,None,No,None,2,0,Win,Trap miss looked like it was an unintentional input.,Lukas Hlavac,2024-03-23T18:53:17.068Z,2024-03-23T18:57:57.380Z
2024wasam_qm1,9442,Red,Source,No,None,3,0,Win,,Jake chitlik ,2024-03-23T18:15:23.906Z,2024-03-23T18:18:39.043Z
2024wasam_qm2,8051,Blue,Source,Yes,None,3,0,Loss,,Jake chitlik ,2024-03-23T18:25:58.354Z,2024-03-23T18:29:05.465Z
2024wasam_qm3,9023,Red,None,Yes,None,3,0,Win,Touch and own was not so good,Jake chitlik ,2024-03-23T18:33:03.525Z,2024-03-23T18:37:11.054Z
2024wasam_qm4,7461,Blue,None,Yes,None,3,0,Loss,"Ignore this, i was watching our robot",Jake chitlik ,2024-03-23T18:45:09.963Z,2024-03-23T18:45:15.603Z
2024wasam_qm5,2928,Red,Amp,Yes,None,3,0,Loss,I got distracted ,Jake chitlik ,2024-03-23T18:53:42.595Z,2024-03-23T18:56:05.554Z
2024wasam_qm7,3574,Blue,None,Yes,None,3,0,Loss,In the middle it was spinning in one place,Tessabell ,2024-03-23T19:07:34.770Z,2024-03-23T19:11:00.616Z
2024wasam_qm8,949,Red,Amp,No,None,3,0,Loss,Got a node stuck in their robot and saw defending ,Tessabell ,2024-03-23T19:15:06.796Z,2024-03-23T19:18:48.555Z
2024wasam_qm9,2976,Blue,None,Yes,None,3,1,Loss,They were just in one place for like the last half ,Tessabell ,2024-03-23T19:22:23.853Z,2024-03-23T19:25:39.018Z
2024wasam_qm10,7461,Red,None,Yes,Parked,3,0,Loss,,Tessabell ,2024-03-23T19:30:06.577Z,2024-03-23T19:33:48.152Z
2024wasam_qm11,4180,Red,None,Yes,Climb,1,0,Loss,,Owen W,2024-03-23T19:38:51.914Z,2024-03-23T19:42:12.314Z
2024wasam_qm7,3681,Blue,None,No,Parked,3,0,Loss,,Takeshi,2024-03-23T19:07:33.579Z,2024-03-23T19:10:46.272Z
2024wasam_qm8,2412,Red,None,No,Parked,2,0,Loss,,Takeshi,2024-03-23T19:15:05.779Z,2024-03-23T19:18:28.255Z
2024wasam_qm9,6076,Blue,None,No,None,2,0,Loss,,Takeshi,2024-03-23T19:22:24.538Z,2024-03-23T19:25:40.136Z
2024wasam_qm10,8051,Red,None,No,Climb,3,0,Loss,,Takeshi,2024-03-23T19:30:06.416Z,2024-03-23T19:33:45.179Z
2024wasam_qm12,2412,Blue,Source,Yes,None,3,0,Loss,,Zan Korman,2024-03-23T19:46:51.434Z,2024-03-23T19:49:55.309Z
2024wasam_qm13,7461,Red,Source,Yes,None,4,1,Loss,,Zan Korman,2024-03-23T19:54:12.488Z,2024-03-23T19:57:32.308Z
2024wasam_qm13,6076,Red,None,No,Parked,1,0,Loss,"Did basically nothing. They scored a single note that was preloaded, I think their intake was broken. They stayed mostly motionless and didn't attempt any defense, and then failed to climb at the end.",Nico,2024-03-23T19:54:12.558Z,2024-03-23T19:58:07.001Z
2024wasam_qm12,8248,Blue,Amp,Yes,Parked,3,0,Loss,,Owen W,2024-03-23T19:46:56.224Z,2024-03-23T19:50:08.844Z
2024wasam_qm13,1318,Red,None,Yes,Climb,3,1,Loss,,Owen W,2024-03-23T19:54:15.298Z,2024-03-23T19:58:04.300Z
2024wasam_qm12,2976,Red,None,No,None,1,0,Win,Robot never started,Lukas Hlavac,2024-03-23T19:46:57.444Z,2024-03-23T19:50:11.234Z
2024wasam_qm11,9036,Blue,None,Yes,Climb,3,0,Win,I missed like half the match sorry,Tessabell ,2024-03-23T19:38:49.851Z,2024-03-23T19:42:00.754Z
2024wasam_qm12,5588,Red,None,Yes,Climb,3,0,Win,,Tessabell ,2024-03-23T19:46:52.178Z,2024-03-23T19:49:59.080Z
2024wasam_qm13,488,Blue,None,No,Parked,4,0,Win,Defending other teams in front of amp,Tessabell ,2024-03-23T19:54:11.128Z,2024-03-23T19:57:36.941Z
2024wasam_qm56,492,Blue,Source,No,Climb,3,0,Win,,carter,2024-03-24T16:13:06.722Z,2024-03-24T16:16:23.086Z
2024wasam_qm57,5827,Red,None,No,None,3,0,Win,,carter,2024-03-24T16:19:30.227Z,2024-03-24T16:23:01.081Z
2024wasam_qm58,360,Blue,None,Yes,Climb,3,0,Loss,,carter,2024-03-24T16:26:54.834Z,2024-03-24T16:30:22.498Z
2024wasam_qm59,4131,Red,None,No,None,3,0,Loss,,carter,2024-03-24T16:34:35.266Z,2024-03-24T16:37:43.896Z
2024wasam_qm60,3574,Blue,None,Yes,Parked,3,0,Win,,carter,2024-03-24T16:41:57.373Z,2024-03-24T16:45:18.507Z
2024wasam_qm61,488,Red,None,Yes,None,3,0,Loss,,carter,2024-03-24T16:49:34.574Z,2024-03-24T16:53:28.495Z
2024wasam_qm29,4180,Red,None,No,Climb,1,0,Win,,Owen W,2024-03-23T23:00:25.382Z,2024-03-23T23:03:33.063Z
2024wasam_qm30,2976,Red,Amp,Yes,None,3,1,Win,"Their miss ratio was quite large, and they were hesitant to speed across the field ",Devin,2024-03-23T23:06:43.890Z,2024-03-23T23:10:31.248Z
2024wasam_qm31,1318,Blue,None,Yes,None,3,0,Win,"Very close to being parked, iffy if they really scored",Devin,2024-03-23T23:14:53.654Z,2024-03-23T23:18:47.056Z
2024wasam_qm32,4918,Red,Source,Yes,Climb,3,0,Loss,"Their full speed was weak, and the strength of the shooter took a little bit too long to shoot.",Devin,2024-03-23T23:22:14.159Z,2024-03-23T23:26:49.034Z
2024wasam_qm31,3070,Red,None,Yes,Climb,5,0,Loss,"Note got seemingly jammed part way through, played defense rest of match",Luca,2024-03-23T23:14:55.067Z,2024-03-23T23:18:21.328Z
2024wasam_qm32,4131,Blue,None,Yes,Climb,3,0,Win,,Luca,2024-03-23T23:22:15.309Z,2024-03-23T23:25:31.219Z
2024wasam_qm33,1595,Red,None,No,Climb,3,0,Win,,Luca,2024-03-23T23:29:13.861Z,2024-03-23T23:32:24.313Z
2024wasam_qm28,2928,Blue,None,Yes,Climb,3,1,Loss,,Andrew Shan ,2024-03-23T22:52:56.875Z,2024-03-23T22:56:25.382Z
2024wasam_qm29,492,Red,Amp,Yes,None,3,0,Loss,,Andrew Shan ,2024-03-23T22:59:54.609Z,2024-03-23T23:03:25.426Z
2024wasam_qm30,6076,Blue,None,No,Climb,3,2,Loss,,Andrew Shan ,2024-03-23T23:06:43.832Z,2024-03-23T23:10:41.862Z
2024wasam_qm31,4173,Red,None,Yes,None,3,0,Loss,,Andrew Shan ,2024-03-23T23:14:54.331Z,2024-03-23T23:18:12.875Z
2024wasam_qm28,4131,Red,None,Yes,Climb,3,1,Win,"Auto didn’t work very well, went o pick up note, didn’t, then stopped and wheels spun in place",Ben,2024-03-23T22:52:58.175Z,2024-03-23T22:56:32.263Z
2024wasam_qm29,9442,Blue,None,No,Parked,3,0,Loss,Had a few small issues with vision and aiming,Ben,2024-03-23T22:59:55.763Z,2024-03-23T23:04:04.922Z
2024wasam_qm30,2412,Red,None,Yes,None,3,1,Win,,Ben,2024-03-23T23:06:44.628Z,2024-03-23T23:10:41.452Z
2024wasam_qm31,4104,Blue,None,Yes,None,3,0,Win,Played defense whole match,Ben,2024-03-23T23:14:55.628Z,2024-03-23T23:18:57.661Z
2024wasam_qm32,3268,Red,None,Yes,Climb,3,0,Loss,Got note stuck in robot,Ben,2024-03-23T23:22:16.071Z,2024-03-23T23:25:17.092Z
2024wasam_qm33,1983,Blue,Amp,Yes,Climb,3,0,Loss,Passed notes across field,Ben,2024-03-23T23:29:14.891Z,2024-03-23T23:32:32.980Z
2024wasam_qm34,9023,Red,None,Yes,Parked,3,0,Loss,Robot was shaking a lot while driving,Ben,2024-03-23T23:36:00.391Z,2024-03-23T23:39:34.579Z
2024wasam_qm28,9023,Blue,Source,Yes,Parked,1,1,Loss,,Zan Korman,2024-03-23T22:52:58.041Z,2024-03-23T22:56:17.319Z
2024wasam_qm30,949,Blue,Source,Yes,Climb,3,2,Loss,,Zan Korman,2024-03-23T23:07:12.551Z,2024-03-23T23:10:27.764Z
2024wasam_qm31,8248,Red,Amp,Yes,Parked,3,1,Loss,,Zan Korman,2024-03-23T23:14:54.935Z,2024-03-23T23:18:49.698Z
2024wasam_qm32,9036,Blue,Amp,Yes,Climb,3,0,Win,,Zan Korman,2024-03-23T23:22:15.170Z,2024-03-23T23:29:16.774Z
2024wasam_qm33,948,Red,Source,Yes,None,2,0,Win,Did extremely well at the amp,Zan Korman,2024-03-23T23:29:18.118Z,2024-03-23T23:32:52.612Z
2024wasam_qm35,4173,Blue,Amp,Yes,None,3,0,Win,Became none functionalle halfway through ,Zan Korman,2024-03-23T23:43:54.680Z,2024-03-23T23:47:37.366Z
2024wasam_qm35,9442,Blue,None,Yes,Parked,3,0,Loss,,Ben,2024-03-23T23:43:54.951Z,2024-03-23T23:47:51.609Z
2024wasam_qm35,3681,Red,Source,Yes,Parked,3,0,Loss,,Jake chitlik ,2024-03-23T23:43:48.406Z,2024-03-23T23:47:35.299Z
2024wasam_qm16,1595,Red,None,Yes,None,3,0,Win,,Andrew Shan ,2024-03-23T21:14:43.058Z,2024-03-23T21:18:09.325Z
2024wasam_qm17,2928,Blue,None,No,Climb,3,0,Win,,Andrew Shan ,2024-03-23T21:22:42.601Z,2024-03-23T21:26:16.514Z
2024wasam_qm18,4131,Red,None,Yes,None,3,0,Win,,Andrew Shan ,2024-03-23T21:34:06.276Z,2024-03-23T21:37:28.895Z
2024wasam_qm19,9450,Blue,None,Yes,None,3,0,Loss,,Andrew Shan ,2024-03-23T21:45:07.198Z,2024-03-23T21:49:31.956Z
2024wasam_qm20,6076,Red,None,Yes,Climb,1,0,Win,,Andrew Shan ,2024-03-23T21:52:12.860Z,2024-03-23T21:55:55.964Z
2024wasam_qm21,1318,Blue,None,Yes,Climb,3,0,Loss,,Andrew Shan ,2024-03-23T21:59:07.599Z,2024-03-23T22:02:32.712Z
2024wasam_qm41,3574,Red,None,Yes,None,3,0,Loss,,Andrew Shan ,2024-03-24T00:54:01.951Z,2024-03-24T00:56:57.926Z
2024wasam_qm49,3681,Red,None,Yes,Climb,3,1,Win,,Andrew Shan ,2024-03-24T01:54:01.040Z,2024-03-24T01:58:31.791Z
2024wasam_qm50,5588,Blue,None,Yes,Parked,2,0,Loss,Had a lot of mobility issues,Andrew Shan ,2024-03-24T02:01:36.450Z,2024-03-24T02:05:14.543Z
2024wasam_qm51,8248,Red,None,Yes,Climb,3,1,Loss,,Andrew Shan ,2024-03-24T02:08:17.438Z,2024-03-24T02:11:28.534Z
2024wasam_qm52,1595,Blue,None,Yes,Climb,3,0,Win,,Andrew Shan ,2024-03-24T02:15:21.914Z,2024-03-24T02:19:57.219Z
2024wasam_qm53,9023,Red,None,Yes,None,3,0,Loss,,Andrew Shan ,2024-03-24T02:23:35.420Z,2024-03-24T02:27:00.903Z
2024wasam_qm54,4918,Blue,None,Yes,Parked,3,0,Loss,,Andrew Shan ,2024-03-24T02:30:40.511Z,2024-03-24T02:33:54.113Z
2024wasam_qm55,4173,Red,None,Yes,Parked,3,0,Win,,Andrew Shan ,2024-03-24T02:37:10.685Z,2024-03-24T02:41:19.822Z
2024wasam_qm56,948,Blue,None,Yes,None,3,0,Win,Stopped moving for a short period and got a note stuck for a short period ,Andrew Shan ,2024-03-24T16:13:07.575Z,2024-03-24T16:16:45.288Z
2024wasam_qm57,7461,Red,None,Yes,None,3,1,Win,Froze for a long time ,Andrew Shan ,2024-03-24T16:19:28.770Z,2024-03-24T16:22:53.541Z
2024wasam_qm58,8051,Blue,None,Yes,Climb,3,0,Loss,,Andrew Shan ,2024-03-24T16:26:54.859Z,2024-03-24T16:30:19.899Z
2024wasam_qm59,948,Red,None,Yes,None,3,0,Loss,"Note wouldn’t shoot when lined up at amp, and also kept shooting weakly at speaker. Would also shoot note out after intake which I just marked as speaker miss ",Andrew Shan ,2024-03-24T16:34:35.450Z,2024-03-24T16:39:21.055Z
2024wasam_qm60,1294,Blue,None,Yes,None,3,0,Win,,Andrew Shan ,2024-03-24T16:41:57.514Z,2024-03-24T16:45:45.692Z
2024wasam_qm61,9450,Red,None,Yes,Climb,3,0,Loss,,Andrew Shan ,2024-03-24T16:49:35.739Z,2024-03-24T16:53:54.593Z
2024wasam_qm62,2928,Blue,None,Yes,None,3,0,Loss,,Andrew Shan ,2024-03-24T16:56:26.162Z,2024-03-24T16:59:37.099Z
2024wasam_qm63,4173,Red,None,No,None,3,0,Win,"Started playing defense halfway through 

Both alliances got ensemble because of that one rule break ",Andrew Shan ,2024-03-24T17:08:24.900Z,2024-03-24T17:13:06.470Z
2024wasam_qm64,4918,Blue,None,Yes,Climb,3,0,Win,G424 violation ensemble both sides ,Andrew Shan ,2024-03-24T17:15:47.083Z,2024-03-24T17:21:30.063Z
2024wasam_qm65,8248,Red,Amp,Yes,Parked,3,0,Loss,,Andrew Shan ,2024-03-24T17:24:15.034Z,2024-03-24T17:27:47.298Z
2024wasam_qm66,9023,Blue,None,Yes,None,3,0,Loss,Match start was a few seconds late,Andrew Shan ,2024-03-24T17:32:03.060Z,2024-03-24T17:35:56.893Z
2024wasam_qm67,9036,Red,None,Yes,Climb,3,1,Win,Spotlit harmony climb ,Andrew Shan ,2024-03-24T17:40:02.915Z,2024-03-24T17:44:11.196Z
2024wasam_qm68,2046,Blue,None,Yes,None,3,0,Win,,Andrew Shan ,2024-03-24T17:47:55.244Z,2024-03-24T17:52:55.678Z
2024wasam_qm34,488,Red,Source,Yes,Parked,3,0,Loss,,Andreas Bays,2024-03-23T23:36:01.122Z,2024-03-23T23:39:34.823Z
2024wasam_qm35,9450,Blue,None,No,Parked,3,0,Win,,Andreas Bays,2024-03-23T23:43:58.886Z,2024-03-23T23:49:06.563Z
2024wasam_qm36,492,Red,Source,Yes,None,2,0,Win,Auto hit wall and stopped,Andreas Bays,2024-03-23T23:53:08.712Z,2024-03-23T23:56:22.111Z
2024wasam_qm46,9023,Red,None,No,Parked,2,0,Win,,Andreas Bays,2024-03-24T01:32:05.124Z,2024-03-24T01:36:27.728Z
2024wasam_qm47,1595,Blue,Source,Yes,Climb,4,0,Loss,They have pneumatic climbers and they're awaome,Andreas Bays,2024-03-24T01:38:45.659Z,2024-03-24T01:41:56.945Z
2024wasam_qm48,9442,Red,None,No,None,1,0,Loss,I might have been seeing 2412 for a couple cycles. Also they had a really hard time aiming and shooting. It looked like a driver assist or some controls thing was keeping them from shooting even when they were on target ,Andreas Bays,2024-03-24T01:45:58.788Z,2024-03-24T01:51:12.637Z
2024wasam_qm49,1983,Blue,None,No,Parked,1,0,Loss,Connection problems,Andreas Bays,2024-03-24T01:54:03.376Z,2024-03-24T01:58:16.901Z
2024wasam_qm50,2976,Red,None,No,None,1,1,Win,Jammed once. It caused missed speaker,Andreas Bays,2024-03-24T02:01:36.284Z,2024-03-24T02:05:27.101Z
2024wasam_qm51,3574,Blue,None,No,Parked,1,0,Loss,2 notes came out really slow. Shooter wasn't consistent,Andreas Bays,2024-03-24T02:08:20.856Z,2024-03-24T02:12:03.733Z
2024wasam_qm52,4131,Red,Source,Yes,None,1,0,Loss,Their driver was really fast and smooth. Their shooting was prettybad. Their human player was trying (badly)to tell them that they had picked up a note already for almost 10 seconds,Andreas Bays,2024-03-24T02:15:27.113Z,2024-03-24T02:19:23.922Z
2024wasam_qm53,1294,Blue,Source,Yes,Parked,1,0,Win,They were super smooth and consistent,Andreas Bays,2024-03-24T02:23:38.431Z,2024-03-24T02:27:41.880Z
2024wasam_qm54,360,Red,Amp,Yes,None,4,1,Win,Event high score,Andreas Bays,2024-03-24T02:30:42.646Z,2024-03-24T02:34:40.307Z
2024wasam_qm55,8248,Blue,None,No,Parked,4,1,Loss,We were ferrying the notes,Andreas Bays,2024-03-24T02:37:12.061Z,2024-03-24T02:41:07.775Z
2024wasam_qm67,3681,Blue,Source,Yes,Climb,1,0,Loss,,Andreas Bays,2024-03-24T17:40:03.056Z,2024-03-24T17:43:27.520Z
2024wasam_qm68,2928,Red,Source,Yes,Climb,1,0,Win,We defended well. Couldn't get around defense ,Andreas Bays,2024-03-24T17:47:54.673Z,2024-03-24T17:53:20.772Z
2024wasam_qm14,9036,Red,None,Yes,Climb,3,0,Win,,Tessabell ,2024-03-23T21:00:03.853Z,2024-03-23T21:03:51.769Z
2024wasam_qm15,1899,Blue,None,No,Climb,3,1,Win,,Tessabell ,2024-03-23T21:07:28.076Z,2024-03-23T21:10:37.447Z
2024wasam_qm36,4104,Red,None,Yes,Parked,3,0,Win,Attempted to climb,Tessabell ,2024-03-23T23:53:10.779Z,2024-03-23T23:56:19.462Z
2024wasam_qm37,2412,Red,None,Yes,Parked,3,0,Loss,They broke a node on the pickup fail,Tessabell ,2024-03-24T00:02:00.841Z,2024-03-24T00:04:59.949Z
2024wasam_qm46,2046,Blue,None,Yes,Climb,3,0,Loss,Got a trap point,Tessabell ,2024-03-24T01:31:45.035Z,2024-03-24T01:35:11.936Z
2024wasam_qm47,4131,Red,None,Yes,Parked,3,0,Loss,Kept dropping the node on their robot instead of in the amp ,Tessabell ,2024-03-24T01:38:45.538Z,2024-03-24T01:41:53.449Z
2024wasam_qm50,4180,Blue,None,Yes,Parked,3,0,Loss,Attempted to climb,Tessabell ,2024-03-24T02:01:36.699Z,2024-03-24T02:05:12.415Z
2024wasam_qm52,4980,Blue,None,Yes,Parked,3,0,Win,Flinging nodes to alliance partners near speaker,Tessabell ,2024-03-24T02:15:22.000Z,2024-03-24T02:19:35.367Z
2024wasam_qm53,949,Red,None,No,None,3,0,Loss,They had a node preloaded and then picked up another and got it all jammed...,Tessabell ,2024-03-24T02:23:35.487Z,2024-03-24T02:26:53.734Z
2024wasam_qm56,3681,Red,None,Yes,Climb,3,0,Loss,,Tessabell ,2024-03-24T16:13:07.146Z,2024-03-24T16:16:19.123Z
2024wasam_qm57,6076,Blue,None,Yes,Climb,3,0,Loss,Something definitely happened that I couldn't see - they were just sitting in one place(I couldn't see it so I can't tell you what happened) but they seemed to get back at the end ,Tessabell ,2024-03-24T16:19:29.115Z,2024-03-24T16:23:04.792Z
2024wasam_qm58,1595,Red,None,Yes,Climb,3,0,Win,,Tessabell ,2024-03-24T16:26:55.355Z,2024-03-24T16:30:21.821Z
2024wasam_qm62,492,Blue,None,Yes,Climb,3,0,Loss,Tried to harmonize ,Tessabell ,2024-03-24T16:56:26.662Z,2024-03-24T16:59:32.618Z
2024wasam_qm63,1318,Red,None,Yes,Parked,3,0,Win,,Tessabell ,2024-03-24T17:08:25.234Z,2024-03-24T17:11:17.381Z
2024wasam_qm64,4131,Blue,None,Yes,None,3,0,Loss,They started defending in the middle but it seemed like they also had technical difficulties bc they couldn't pick a node ho and then couldn't climb? Idk if they usually climb but I'd assym if they could shoot it climb they would have done that instead of just sitting thre,Tessabell ,2024-03-24T17:15:52.386Z,2024-03-24T17:20:47.330Z
2024wasam_qm65,6076,Red,None,Yes,Climb,3,0,Loss,Defending the whole time basically ,Tessabell ,2024-03-24T17:24:15.444Z,2024-03-24T17:27:51.750Z
2024wasam_qm66,488,Red,Amp,Yes,None,3,0,Win,,Tessabell ,2024-03-24T17:31:58.303Z,2024-03-24T17:35:10.320Z
2024wasam_qm67,949,Blue,None,No,Climb,3,0,Loss,Defending ,Tessabell ,2024-03-24T17:40:12.840Z,2024-03-24T17:43:14.884Z
2024wasam_qm68,9442,Red,Source,Yes,None,3,0,Loss,Confused by their end strat,Tessabell ,2024-03-24T17:47:55.157Z,2024-03-24T17:52:59.218Z
