matchId,teamNumber,event,time
2024wasam_qm3,1595,matchEnd,155047
2024wasam_qm3,1595,acquireGround,138535
2024wasam_qm3,1595,acquireGround,135967
2024wasam_qm3,1595,scoreMid,127888
2024wasam_qm3,1595,scoreMid,115024
2024wasam_qm3,1595,scoreMid,102810
2024wasam_qm3,1595,scoreMid,87580
2024wasam_qm3,1595,acquireGround,76793
2024wasam_qm3,1595,scoreMid,66858
2024wasam_qm3,1595,acquireGround,56975
2024wasam_qm3,1595,acquireGround,54751
2024wasam_qm3,1595,scoreLowFail,46785
2024wasam_qm3,1595,scoreLowFail,36585
2024wasam_qm3,1595,autoEnd,18002
2024wasam_qm3,1595,specialAuto,17011
2024wasam_qm3,1595,scoreMidFail,6328
2024wasam_qm3,1595,matchStart,0
2024wasam_qm4,4980,matchEnd,155037
2024wasam_qm4,4980,scoreLow,125046
2024wasam_qm4,4980,acquireGround,123369
2024wasam_qm4,4980,scoreLow,122534
2024wasam_qm4,4980,scoreLow,107477
2024wasam_qm4,4980,acquireGround,92715
2024wasam_qm4,4980,scoreLow,70580
2024wasam_qm4,4980,acquireGround,64160
2024wasam_qm4,4980,scoreLow,52849
2024wasam_qm4,4980,acquireGround,43625
2024wasam_qm4,4980,acquireGround,25041
2024wasam_qm4,4980,scoreMidFail,24108
2024wasam_qm4,4980,autoEnd,18036
2024wasam_qm4,4980,scoreMid,3941
2024wasam_qm4,4980,matchStart,0
2024wasam_qm1,3070,matchEnd,155004
2024wasam_qm1,3070,scoreMid,145021
2024wasam_qm1,3070,acquireStation,135490
2024wasam_qm1,3070,scoreLow,130120
2024wasam_qm1,3070,acquireStation,118814
2024wasam_qm1,3070,scoreLow,99765
2024wasam_qm1,3070,scoreLow,89041
2024wasam_qm1,3070,acquireStation,80751
2024wasam_qm1,3070,scoreMid,76685
2024wasam_qm1,3070,acquireStation,70470
2024wasam_qm1,3070,scoreLow,60000
2024wasam_qm1,3070,acquireStation,52700
2024wasam_qm1,3070,scoreLow,47669
2024wasam_qm1,3070,acquireStation,37966
2024wasam_qm1,3070,scoreLow,30590
2024wasam_qm1,3070,autoEnd,18006
2024wasam_qm1,3070,scoreMid,14135
2024wasam_qm1,3070,scoreMid,9666
2024wasam_qm1,3070,scoreMid,6006
2024wasam_qm1,3070,scoreMid,3068
2024wasam_qm1,3070,matchStart,0
2024wasam_qm2,360,matchEnd,155005
2024wasam_qm2,360,acquireStation,111571
2024wasam_qm2,360,scoreMid,106889
2024wasam_qm2,360,acquireStation,99690
2024wasam_qm2,360,scoreMid,92056
2024wasam_qm2,360,acquireStation,84390
2024wasam_qm2,360,scoreMid,77135
2024wasam_qm2,360,scoreLow,70393
2024wasam_qm2,360,acquireStation,63624
2024wasam_qm2,360,scoreLow,55858
2024wasam_qm2,360,acquireStation,49677
2024wasam_qm2,360,scoreLow,41725
2024wasam_qm2,360,scoreMid,37253
2024wasam_qm2,360,scoreLow,23271
2024wasam_qm2,360,specialAuto,17998
2024wasam_qm2,360,scoreMidFail,14203
2024wasam_qm2,360,scoreMidFail,9753
2024wasam_qm2,360,scoreMid,5673
2024wasam_qm2,360,matchStart,0
2024wasam_qm3,4180,matchEnd,155006
2024wasam_qm3,4180,scoreMid,141286
2024wasam_qm3,4180,acquireStation,134236
2024wasam_qm3,4180,scoreMid,125854
2024wasam_qm3,4180,acquireStation,115264
2024wasam_qm3,4180,scoreMid,107717
2024wasam_qm3,4180,scoreMid,83918
2024wasam_qm3,4180,scoreMid,66664
2024wasam_qm3,4180,acquireStation,56181
2024wasam_qm3,4180,scoreMid,48930
2024wasam_qm3,4180,acquireStation,45217
2024wasam_qm3,4180,scoreMid,34243
2024wasam_qm3,4180,autoEnd,18006
2024wasam_qm3,4180,matchStart,0
2024wasam_qm4,5827,matchEnd,155001
2024wasam_qm4,5827,scoreMid,139049
2024wasam_qm4,5827,acquireStation,130475
2024wasam_qm4,5827,scoreLow,124201
2024wasam_qm4,5827,acquireStation,114770
2024wasam_qm4,5827,scoreMid,108801
2024wasam_qm4,5827,acquireStation,101079
2024wasam_qm4,5827,scoreLow,95515
2024wasam_qm4,5827,acquireStation,85535
2024wasam_qm4,5827,scoreMid,80600
2024wasam_qm4,5827,acquireStation,75147
2024wasam_qm4,5827,scoreLow,68223
2024wasam_qm4,5827,acquireStation,54232
2024wasam_qm4,5827,scoreMid,46699
2024wasam_qm4,5827,acquireStation,38664
2024wasam_qm4,5827,scoreMid,31312
2024wasam_qm4,5827,acquireStation,25888
2024wasam_qm4,5827,autoEnd,18001
2024wasam_qm4,5827,scoreMid,15710
2024wasam_qm4,5827,matchStart,0
2024wasam_qm5,1899,matchEnd,155003
2024wasam_qm5,1899,scoreMid,150395
2024wasam_qm5,1899,scoreMid,137819
2024wasam_qm5,1899,scoreMid,127745
2024wasam_qm5,1899,scoreMid,113572
2024wasam_qm5,1899,scoreMid,101190
2024wasam_qm5,1899,scoreMid,98290
2024wasam_qm5,1899,acquireGround,90210
2024wasam_qm5,1899,scoreMidFail,77456
2024wasam_qm5,1899,acquireStation,71559
2024wasam_qm5,1899,scoreMid,65367
2024wasam_qm5,1899,acquireStation,59604
2024wasam_qm5,1899,scoreMid,43666
2024wasam_qm5,1899,acquireGround,41269
2024wasam_qm5,1899,scoreMidFail,37515
2024wasam_qm5,1899,acquireGround,34233
2024wasam_qm5,1899,scoreMid,31456
2024wasam_qm5,1899,acquireGround,28855
2024wasam_qm5,1899,scoreMid,25382
2024wasam_qm5,1899,acquireGround,23301
2024wasam_qm5,1899,autoEnd,18001
2024wasam_qm5,1899,scoreMid,13730
2024wasam_qm5,1899,scoreMid,9513
2024wasam_qm5,1899,scoreMid,5879
2024wasam_qm5,1899,scoreMidFail,2482
2024wasam_qm5,1899,matchStart,0
2024wasam_qm1,3681,matchEnd,153203
2024wasam_qm1,3681,scoreMidFail,132401
2024wasam_qm1,3681,acquireGround,120048
2024wasam_qm1,3681,acquireFail,116733
2024wasam_qm1,3681,acquireFail,97650
2024wasam_qm1,3681,scoreLow,61379
2024wasam_qm1,3681,acquireStation,48763
2024wasam_qm1,3681,scoreLow,38502
2024wasam_qm1,3681,acquireGround,26411
2024wasam_qm1,3681,autoEnd,18008
2024wasam_qm1,3681,matchStart,0
2024wasam_qm2,2976,matchEnd,155001
2024wasam_qm2,2976,scoreMidFail,134959
2024wasam_qm2,2976,acquireStation,129641
2024wasam_qm2,2976,defendedOnEnd,121060
2024wasam_qm2,2976,scoreMidFail,105840
2024wasam_qm2,2976,acquireGround,100357
2024wasam_qm2,2976,scoreMidFail,93974
2024wasam_qm2,2976,defendedOnStart,88242
2024wasam_qm2,2976,acquireStation,83972
2024wasam_qm2,2976,scoreMid,52156
2024wasam_qm2,2976,scoreMid,42056
2024wasam_qm2,2976,acquireGround,35421
2024wasam_qm2,2976,scoreMid,31387
2024wasam_qm2,2976,acquireFail,27655
2024wasam_qm2,2976,acquireGround,24654
2024wasam_qm2,2976,autoEnd,18001
2024wasam_qm2,2976,acquireGround,11337
2024wasam_qm2,2976,scoreMid,8403
2024wasam_qm2,2976,matchStart,0
2024wasam_qm3,1318,matchEnd,155001
2024wasam_qm3,1318,scoreMidFail,144757
2024wasam_qm3,1318,scoreMid,127956
2024wasam_qm3,1318,scoreMidFail,119074
2024wasam_qm3,1318,scoreLowFail,118107
2024wasam_qm3,1318,scoreLowFail,117579
2024wasam_qm3,1318,acquireStation,107956
2024wasam_qm3,1318,scoreLow,100704
2024wasam_qm3,1318,acquireStation,91654
2024wasam_qm3,1318,scoreLow,84888
2024wasam_qm3,1318,acquireStation,79953
2024wasam_qm3,1318,scoreLow,71104
2024wasam_qm3,1318,specialBoost,68740
2024wasam_qm3,1318,acquireStation,63287
2024wasam_qm3,1318,scoreLow,56019
2024wasam_qm3,1318,acquireStation,49686
2024wasam_qm3,1318,scoreMidFail,40387
2024wasam_qm3,1318,acquireGround,31118
2024wasam_qm3,1318,scoreLow,24785
2024wasam_qm3,1318,acquireGround,18918
2024wasam_qm3,1318,autoEnd,18001
2024wasam_qm3,1318,scoreMid,12719
2024wasam_qm3,1318,acquireGround,11350
2024wasam_qm3,1318,scoreMid,9153
2024wasam_qm3,1318,scoreMid,5451
2024wasam_qm3,1318,matchStart,0
2024wasam_qm4,8248,matchEnd,155001
2024wasam_qm4,8248,scoreMid,151960
2024wasam_qm4,8248,scoreMid,140908
2024wasam_qm4,8248,acquireStation,130975
2024wasam_qm4,8248,scoreMid,118040
2024wasam_qm4,8248,acquireStation,113478
2024wasam_qm4,8248,scoreMid,97755
2024wasam_qm4,8248,acquireStation,82256
2024wasam_qm4,8248,scoreMid,70537
2024wasam_qm4,8248,acquireStation,54837
2024wasam_qm4,8248,scoreMid,45470
2024wasam_qm4,8248,acquireGround,41855
2024wasam_qm4,8248,scoreMid,38036
2024wasam_qm4,8248,acquireGround,32399
2024wasam_qm4,8248,scoreMidFail,25987
2024wasam_qm4,8248,autoEnd,18000
2024wasam_qm4,8248,matchStart,0
2024wasam_qm5,4173,matchEnd,155000
2024wasam_qm5,4173,defendedOnStart,135477
2024wasam_qm5,4173,scoreMid,127740
2024wasam_qm5,4173,acquireGround,119521
2024wasam_qm5,4173,scoreMid,105938
2024wasam_qm5,4173,acquireGround,97839
2024wasam_qm5,4173,scoreMid,89988
2024wasam_qm5,4173,acquireGround,81204
2024wasam_qm5,4173,scoreMid,71069
2024wasam_qm5,4173,acquireGround,61170
2024wasam_qm5,4173,scoreMid,50036
2024wasam_qm5,4173,scoreMid,38802
2024wasam_qm5,4173,acquireGround,38118
2024wasam_qm5,4173,scoreMid,30385
2024wasam_qm5,4173,acquireGround,29701
2024wasam_qm5,4173,autoEnd,18001
2024wasam_qm5,4173,scoreMidFail,6018
2024wasam_qm5,4173,matchStart,0
2024wasam_qm1,3574,matchEnd,232725
2024wasam_qm1,3574,autoEnd,18002
2024wasam_qm1,3574,matchStart,0
2024wasam_qm4,4104,matchEnd,149322
2024wasam_qm4,4104,scoreLow,37546
2024wasam_qm4,4104,autoEnd,18009
2024wasam_qm4,4104,matchStart,0
2024wasam_qm5,949,matchEnd,155001
2024wasam_qm5,949,acquireFail,136539
2024wasam_qm5,949,scoreHighFail,123759
2024wasam_qm5,949,acquireGround,87850
2024wasam_qm5,949,acquireStation,66762
2024wasam_qm5,949,autoEnd,18001
2024wasam_qm5,949,matchStart,0
2024wasam_qm1,9442,matchEnd,157860
2024wasam_qm1,9442,acquireGround,153673
2024wasam_qm1,9442,acquireGround,153293
2024wasam_qm1,9442,acquireGround,149458
2024wasam_qm1,9442,acquireGround,149286
2024wasam_qm1,9442,acquireGround,147822
2024wasam_qm1,9442,acquireGround,147643
2024wasam_qm1,9442,acquireGround,146002
2024wasam_qm1,9442,acquireGround,145828
2024wasam_qm1,9442,acquireGround,145657
2024wasam_qm1,9442,scoreMid,142528
2024wasam_qm1,9442,scoreMid,138510
2024wasam_qm1,9442,scoreMid,131740
2024wasam_qm1,9442,scoreLow,124041
2024wasam_qm1,9442,scoreLow,107875
2024wasam_qm1,9442,scoreMid,89821
2024wasam_qm1,9442,scoreLow,69900
2024wasam_qm1,9442,scoreLow,43406
2024wasam_qm1,9442,scoreLow,41651
2024wasam_qm1,9442,autoEnd,18020
2024wasam_qm1,9442,scoreMid,13133
2024wasam_qm1,9442,scoreMid,12420
2024wasam_qm1,9442,scoreMid,12068
2024wasam_qm1,9442,matchStart,0
2024wasam_qm2,8051,matchEnd,155017
2024wasam_qm2,8051,scoreLow,120155
2024wasam_qm2,8051,scoreLow,80818
2024wasam_qm2,8051,scoreMid,75401
2024wasam_qm2,8051,acquireGround,74609
2024wasam_qm2,8051,scoreMid,40845
2024wasam_qm2,8051,acquireGround,35669
2024wasam_qm2,8051,autoEnd,18020
2024wasam_qm2,8051,scoreMidFail,6825
2024wasam_qm2,8051,matchStart,0
2024wasam_qm3,9023,matchEnd,153807
2024wasam_qm3,9023,scoreMidFail,83843
2024wasam_qm3,9023,scoreMid,71615
2024wasam_qm3,9023,acquireGround,67620
2024wasam_qm3,9023,scoreMid,54782
2024wasam_qm3,9023,scoreMidFail,45187
2024wasam_qm3,9023,acquireGround,30378
2024wasam_qm3,9023,scoreMid,22238
2024wasam_qm3,9023,autoEnd,18002
2024wasam_qm3,9023,acquireGround,17119
2024wasam_qm3,9023,scoreMid,1152
2024wasam_qm3,9023,matchStart,0
2024wasam_qm4,7461,matchEnd,2028
2024wasam_qm4,7461,autoEnd,1387
2024wasam_qm4,7461,matchStart,0
2024wasam_qm5,2928,matchEnd,133870
2024wasam_qm5,2928,autoEnd,18009
2024wasam_qm5,2928,matchStart,0
2024wasam_qm7,3574,matchEnd,155022
2024wasam_qm7,3574,defendedOnEnd,117900
2024wasam_qm7,3574,scoreMid,115311
2024wasam_qm7,3574,defendedOnStart,103002
2024wasam_qm7,3574,acquireGround,47159
2024wasam_qm7,3574,scoreMid,37137
2024wasam_qm7,3574,acquireGround,36070
2024wasam_qm7,3574,scoreMidFail,29449
2024wasam_qm7,3574,acquireGround,28085
2024wasam_qm7,3574,autoEnd,18022
2024wasam_qm7,3574,scoreMid,10170
2024wasam_qm7,3574,scoreMid,7245
2024wasam_qm7,3574,matchStart,0
2024wasam_qm8,949,matchEnd,155023
2024wasam_qm8,949,acquireStation,42018
2024wasam_qm8,949,autoEnd,18024
2024wasam_qm8,949,matchStart,0
2024wasam_qm9,2976,matchEnd,155022
2024wasam_qm9,2976,acquireGround,84894
2024wasam_qm9,2976,scoreMidFail,58295
2024wasam_qm9,2976,acquireStation,55464
2024wasam_qm9,2976,scoreMid,43265
2024wasam_qm9,2976,acquireStation,35954
2024wasam_qm9,2976,autoEnd,18023
2024wasam_qm9,2976,matchStart,0
2024wasam_qm10,7461,matchEnd,155023
2024wasam_qm10,7461,scoreMidFail,146431
2024wasam_qm10,7461,acquireGround,140557
2024wasam_qm10,7461,scoreMid,134375
2024wasam_qm10,7461,acquireGround,125892
2024wasam_qm10,7461,scoreMid,115575
2024wasam_qm10,7461,acquireGround,114369
2024wasam_qm10,7461,scoreMid,81922
2024wasam_qm10,7461,acquireGround,76124
2024wasam_qm10,7461,scoreMid,68470
2024wasam_qm10,7461,acquireGround,65678
2024wasam_qm10,7461,scoreMid,51135
2024wasam_qm10,7461,acquireGround,41961
2024wasam_qm10,7461,acquireFail,41400
2024wasam_qm10,7461,scoreMid,29846
2024wasam_qm10,7461,acquireGround,24711
2024wasam_qm10,7461,autoEnd,18037
2024wasam_qm10,7461,scoreMid,9472
2024wasam_qm10,7461,matchStart,0
2024wasam_qm11,4180,matchEnd,155049
2024wasam_qm11,4180,acquireGround,138192
2024wasam_qm11,4180,acquireGround,134450
2024wasam_qm11,4180,scoreMid,131085
2024wasam_qm11,4180,acquireGround,121686
2024wasam_qm11,4180,scoreMidFail,113709
2024wasam_qm11,4180,acquireGround,108029
2024wasam_qm11,4180,scoreMid,96992
2024wasam_qm11,4180,acquireGround,91875
2024wasam_qm11,4180,acquireGround,83816
2024wasam_qm11,4180,scoreMidFail,82892
2024wasam_qm11,4180,acquireGround,69508
2024wasam_qm11,4180,scoreMidFail,68481
2024wasam_qm11,4180,scoreMid,51551
2024wasam_qm11,4180,acquireGround,39205
2024wasam_qm11,4180,scoreMid,30805
2024wasam_qm11,4180,acquireGround,27652
2024wasam_qm11,4180,specialAuto,19434
2024wasam_qm11,4180,autoEnd,18060
2024wasam_qm11,4180,scoreMid,13422
2024wasam_qm11,4180,matchStart,0
2024wasam_qm7,3681,matchEnd,155005
2024wasam_qm7,3681,acquireStation,113452
2024wasam_qm7,3681,scoreLow,86058
2024wasam_qm7,3681,acquireGround,78018
2024wasam_qm7,3681,acquireGround,65645
2024wasam_qm7,3681,acquireGround,61393
2024wasam_qm7,3681,scoreMid,55362
2024wasam_qm7,3681,autoEnd,18002
2024wasam_qm7,3681,scoreMidFail,15407
2024wasam_qm7,3681,matchStart,0
2024wasam_qm8,2412,matchEnd,155007
2024wasam_qm8,2412,scoreLow,92921
2024wasam_qm8,2412,acquireGround,78269
2024wasam_qm8,2412,acquireGround,77839
2024wasam_qm8,2412,scoreMidFail,73726
2024wasam_qm8,2412,scoreMidFail,59897
2024wasam_qm8,2412,scoreMidFail,55704
2024wasam_qm8,2412,autoEnd,18002
2024wasam_qm8,2412,scoreLowFail,16836
2024wasam_qm8,2412,matchStart,0
2024wasam_qm9,6076,matchEnd,155002
2024wasam_qm9,6076,scoreHigh,145387
2024wasam_qm9,6076,acquireGround,47574
2024wasam_qm9,6076,autoEnd,18001
2024wasam_qm9,6076,scoreMid,13277
2024wasam_qm9,6076,matchStart,0
2024wasam_qm10,8051,matchEnd,155006
2024wasam_qm10,8051,specialBoost,126127
2024wasam_qm10,8051,acquireGround,122296
2024wasam_qm10,8051,scoreMid,115588
2024wasam_qm10,8051,acquireGround,108545
2024wasam_qm10,8051,scoreMid,97812
2024wasam_qm10,8051,acquireGround,86144
2024wasam_qm10,8051,scoreMidFail,72009
2024wasam_qm10,8051,acquireGround,56016
2024wasam_qm10,8051,scoreMid,42267
2024wasam_qm10,8051,acquireGround,36539
2024wasam_qm10,8051,scoreMidFail,33595
2024wasam_qm10,8051,scoreMid,24891
2024wasam_qm10,8051,acquireGround,22591
2024wasam_qm10,8051,autoEnd,18006
2024wasam_qm10,8051,matchStart,0
2024wasam_qm12,2412,matchEnd,155006
2024wasam_qm12,2412,acquireGround,129403
2024wasam_qm12,2412,acquireGround,125252
2024wasam_qm12,2412,scoreLow,124469
2024wasam_qm12,2412,acquireGround,109735
2024wasam_qm12,2412,scoreLow,108768
2024wasam_qm12,2412,acquireGround,95569
2024wasam_qm12,2412,scoreLow,94900
2024wasam_qm12,2412,scoreLow,76624
2024wasam_qm12,2412,acquireGround,66268
2024wasam_qm12,2412,acquireGround,60949
2024wasam_qm12,2412,scoreMidFail,58969
2024wasam_qm12,2412,scoreMidFail,47949
2024wasam_qm12,2412,acquireGround,44652
2024wasam_qm12,2412,scoreMid,35914
2024wasam_qm12,2412,acquireGround,33299
2024wasam_qm12,2412,scoreMidFail,23932
2024wasam_qm12,2412,autoEnd,18002
2024wasam_qm12,2412,acquireGround,10330
2024wasam_qm12,2412,scoreMidFail,4013
2024wasam_qm12,2412,matchStart,0
2024wasam_qm13,7461,matchEnd,172099
2024wasam_qm13,7461,specialBoost,169597
2024wasam_qm13,7461,specialCoop,168263
2024wasam_qm13,7461,specialAuto,167920
2024wasam_qm13,7461,scoreMid,153565
2024wasam_qm13,7461,acquireGround,140563
2024wasam_qm13,7461,acquireGround,139013
2024wasam_qm13,7461,scoreLow,138315
2024wasam_qm13,7461,acquireGround,123483
2024wasam_qm13,7461,acquireGround,122668
2024wasam_qm13,7461,scoreMidFail,115857
2024wasam_qm13,7461,acquireGround,108178
2024wasam_qm13,7461,scoreMidFail,105962
2024wasam_qm13,7461,scoreLow,85148
2024wasam_qm13,7461,acquireGround,72661
2024wasam_qm13,7461,acquireGround,64843
2024wasam_qm13,7461,scoreMid,64292
2024wasam_qm13,7461,scoreLow,38309
2024wasam_qm13,7461,acquireGround,31173
2024wasam_qm13,7461,scoreMid,23171
2024wasam_qm13,7461,autoEnd,18001
2024wasam_qm13,7461,acquireGround,11451
2024wasam_qm13,7461,scoreMidFail,10512
2024wasam_qm13,7461,scoreMidFail,10365
2024wasam_qm13,7461,matchStart,0
2024wasam_qm13,6076,matchEnd,155042
2024wasam_qm13,6076,scoreMid,29651
2024wasam_qm13,6076,autoEnd,18037
2024wasam_qm13,6076,matchStart,0
2024wasam_qm12,8248,matchEnd,155067
2024wasam_qm12,8248,acquireGround,124864
2024wasam_qm12,8248,scoreMid,124139
2024wasam_qm12,8248,scoreMidFail,99548
2024wasam_qm12,8248,acquireGround,97245
2024wasam_qm12,8248,acquireGround,83193
2024wasam_qm12,8248,scoreMid,81191
2024wasam_qm12,8248,acquireFail,62991
2024wasam_qm12,8248,scoreMidFail,41867
2024wasam_qm12,8248,acquireGround,39930
2024wasam_qm12,8248,scoreMid,28448
2024wasam_qm12,8248,autoEnd,18058
2024wasam_qm12,8248,matchStart,0
2024wasam_qm13,1318,matchEnd,155060
2024wasam_qm13,1318,scoreMidFail,136496
2024wasam_qm13,1318,acquireGround,128362
2024wasam_qm13,1318,defendedOnEnd,117723
2024wasam_qm13,1318,scoreMid,114730
2024wasam_qm13,1318,acquireGround,113968
2024wasam_qm13,1318,defendedOnStart,110647
2024wasam_qm13,1318,scoreMid,104840
2024wasam_qm13,1318,acquireGround,104150
2024wasam_qm13,1318,scoreMid,63265
2024wasam_qm13,1318,acquireGround,52646
2024wasam_qm13,1318,scoreMid,36948
2024wasam_qm13,1318,acquireGround,27984
2024wasam_qm13,1318,autoEnd,18041
2024wasam_qm13,1318,acquireGround,13482
2024wasam_qm13,1318,scoreMid,12995
2024wasam_qm13,1318,matchStart,0
2024wasam_qm12,2976,matchEnd,150750
2024wasam_qm12,2976,autoEnd,18009
2024wasam_qm12,2976,matchStart,0
2024wasam_qm11,9036,matchEnd,155002
2024wasam_qm11,9036,scoreLow,67515
2024wasam_qm11,9036,scoreMid,53303
2024wasam_qm11,9036,acquireGround,52841
2024wasam_qm11,9036,scoreMidFail,47385
2024wasam_qm11,9036,acquireStation,41701
2024wasam_qm11,9036,scoreLow,32325
2024wasam_qm11,9036,acquireGround,31408
2024wasam_qm11,9036,autoEnd,18002
2024wasam_qm11,9036,scoreMid,17185
2024wasam_qm11,9036,acquireGround,17005
2024wasam_qm11,9036,scoreMid,14086
2024wasam_qm11,9036,acquireGround,13929
2024wasam_qm11,9036,scoreMid,4389
2024wasam_qm11,9036,matchStart,0
2024wasam_qm12,5588,matchEnd,155043
2024wasam_qm12,5588,acquireStation,134384
2024wasam_qm12,5588,acquireFail,133860
2024wasam_qm12,5588,scoreLow,121988
2024wasam_qm12,5588,scoreMidFail,111611
2024wasam_qm12,5588,acquireStation,98292
2024wasam_qm12,5588,scoreLow,90530
2024wasam_qm12,5588,acquireStation,78215
2024wasam_qm12,5588,scoreMid,72995
2024wasam_qm12,5588,acquireStation,62313
2024wasam_qm12,5588,scoreLow,53560
2024wasam_qm12,5588,acquireGround,52539
2024wasam_qm12,5588,scoreLow,42039
2024wasam_qm12,5588,acquireGround,28423
2024wasam_qm12,5588,autoEnd,18023
2024wasam_qm12,5588,scoreMid,2604
2024wasam_qm12,5588,matchStart,0
2024wasam_qm13,488,matchEnd,155002
2024wasam_qm13,488,autoEnd,18023
2024wasam_qm13,488,scoreMid,4519
2024wasam_qm13,488,matchStart,0
2024wasam_qm56,492,matchEnd,155008
2024wasam_qm56,492,scoreMid,141316
2024wasam_qm56,492,acquireGround,135795
2024wasam_qm56,492,scoreMid,128246
2024wasam_qm56,492,acquireGround,122989
2024wasam_qm56,492,scoreMidFail,118601
2024wasam_qm56,492,acquireStation,99474
2024wasam_qm56,492,scoreMid,86870
2024wasam_qm56,492,acquireStation,83960
2024wasam_qm56,492,scoreMid,75163
2024wasam_qm56,492,acquireStation,71062
2024wasam_qm56,492,scoreMid,62150
2024wasam_qm56,492,acquireGround,49268
2024wasam_qm56,492,scoreMid,40180
2024wasam_qm56,492,acquireGround,34019
2024wasam_qm56,492,scoreMid,31171
2024wasam_qm56,492,acquireGround,23947
2024wasam_qm56,492,autoEnd,18001
2024wasam_qm56,492,scoreMidFail,16005
2024wasam_qm56,492,acquireStation,13908
2024wasam_qm56,492,scoreMid,6470
2024wasam_qm56,492,matchStart,0
2024wasam_qm57,5827,matchEnd,155009
2024wasam_qm57,5827,scoreMid,141263
2024wasam_qm57,5827,acquireStation,132725
2024wasam_qm57,5827,scoreMid,126149
2024wasam_qm57,5827,acquireStation,115219
2024wasam_qm57,5827,scoreLow,110564
2024wasam_qm57,5827,acquireStation,100035
2024wasam_qm57,5827,acquireFail,98745
2024wasam_qm57,5827,scoreLowFail,93578
2024wasam_qm57,5827,acquireStation,87757
2024wasam_qm57,5827,scoreLow,78240
2024wasam_qm57,5827,acquireStation,69268
2024wasam_qm57,5827,scoreMid,64208
2024wasam_qm57,5827,acquireStation,57213
2024wasam_qm57,5827,scoreLow,50596
2024wasam_qm57,5827,acquireStation,42484
2024wasam_qm57,5827,scoreLow,36364
2024wasam_qm57,5827,acquireStation,24436
2024wasam_qm57,5827,autoEnd,18001
2024wasam_qm57,5827,specialAuto,17104
2024wasam_qm57,5827,acquireGround,6358
2024wasam_qm57,5827,scoreMid,4418
2024wasam_qm57,5827,matchStart,0
2024wasam_qm58,360,matchEnd,155000
2024wasam_qm58,360,scoreMid,123047
2024wasam_qm58,360,acquireGround,115473
2024wasam_qm58,360,scoreMid,109017
2024wasam_qm58,360,acquireGround,100019
2024wasam_qm58,360,scoreMid,92273
2024wasam_qm58,360,acquireGround,89043
2024wasam_qm58,360,scoreMid,81073
2024wasam_qm58,360,acquireGround,75881
2024wasam_qm58,360,scoreMid,70355
2024wasam_qm58,360,acquireGround,61350
2024wasam_qm58,360,scoreMid,55594
2024wasam_qm58,360,acquireGround,51275
2024wasam_qm58,360,scoreMid,50458
2024wasam_qm58,360,acquireGround,37888
2024wasam_qm58,360,scoreMid,30833
2024wasam_qm58,360,acquireGround,26674
2024wasam_qm58,360,autoEnd,18001
2024wasam_qm58,360,acquireGround,15873
2024wasam_qm58,360,scoreMid,13625
2024wasam_qm58,360,acquireGround,10868
2024wasam_qm58,360,scoreMidFail,8251
2024wasam_qm58,360,acquireGround,6392
2024wasam_qm58,360,scoreMid,4065
2024wasam_qm58,360,matchStart,0
2024wasam_qm59,4131,matchEnd,155009
2024wasam_qm59,4131,scoreMid,153628
2024wasam_qm59,4131,scoreLow,140181
2024wasam_qm59,4131,acquireGround,128681
2024wasam_qm59,4131,scoreLow,122413
2024wasam_qm59,4131,specialAuto,121038
2024wasam_qm59,4131,acquireGround,110593
2024wasam_qm59,4131,scoreLow,102585
2024wasam_qm59,4131,acquireGround,91252
2024wasam_qm59,4131,scoreMid,85291
2024wasam_qm59,4131,scoreMid,65088
2024wasam_qm59,4131,acquireGround,59656
2024wasam_qm59,4131,scoreMid,49435
2024wasam_qm59,4131,acquireGround,42859
2024wasam_qm59,4131,scoreMid,33454
2024wasam_qm59,4131,acquireGround,28312
2024wasam_qm59,4131,autoEnd,18002
2024wasam_qm59,4131,scoreMidFail,9249
2024wasam_qm59,4131,matchStart,0
2024wasam_qm60,3574,matchEnd,155001
2024wasam_qm60,3574,scoreMid,153107
2024wasam_qm60,3574,scoreMid,144122
2024wasam_qm60,3574,acquireGround,134818
2024wasam_qm60,3574,scoreMid,117274
2024wasam_qm60,3574,scoreMid,97494
2024wasam_qm60,3574,scoreMid,84566
2024wasam_qm60,3574,acquireGround,82993
2024wasam_qm60,3574,scoreMidFail,77400
2024wasam_qm60,3574,acquireGround,66819
2024wasam_qm60,3574,scoreMid,45562
2024wasam_qm60,3574,scoreMid,34789
2024wasam_qm60,3574,acquireGround,26287
2024wasam_qm60,3574,autoEnd,18005
2024wasam_qm60,3574,scoreMid,3712
2024wasam_qm60,3574,matchStart,0
2024wasam_qm61,488,matchEnd,155001
2024wasam_qm61,488,scoreMid,137909
2024wasam_qm61,488,scoreLow,127477
2024wasam_qm61,488,acquireGround,116686
2024wasam_qm61,488,scoreMid,112798
2024wasam_qm61,488,acquireGround,102350
2024wasam_qm61,488,acquireFail,100658
2024wasam_qm61,488,scoreLow,94125
2024wasam_qm61,488,acquireGround,88283
2024wasam_qm61,488,scoreMid,73592
2024wasam_qm61,488,acquireGround,68346
2024wasam_qm61,488,scoreLow,62952
2024wasam_qm61,488,scoreMid,43582
2024wasam_qm61,488,acquireGround,36127
2024wasam_qm61,488,scoreMid,29636
2024wasam_qm61,488,acquireGround,26736
2024wasam_qm61,488,autoEnd,18001
2024wasam_qm61,488,acquireFail,17875
2024wasam_qm61,488,acquireFail,17428
2024wasam_qm61,488,acquireGround,5389
2024wasam_qm61,488,scoreMid,2646
2024wasam_qm61,488,matchStart,0
2024wasam_qm29,4180,matchEnd,128604
2024wasam_qm29,4180,scoreMid,101123
2024wasam_qm29,4180,acquireGround,76787
2024wasam_qm29,4180,scoreMid,61138
2024wasam_qm29,4180,acquireGround,49314
2024wasam_qm29,4180,scoreMid,39493
2024wasam_qm29,4180,acquireGround,34570
2024wasam_qm29,4180,scoreMid,21507
2024wasam_qm29,4180,acquireGround,20884
2024wasam_qm29,4180,specialAuto,7336
2024wasam_qm29,4180,scoreMid,5931
2024wasam_qm29,4180,acquireGround,4615
2024wasam_qm29,4180,scoreMid,3687
2024wasam_qm29,4180,autoEnd,789
2024wasam_qm29,4180,matchStart,0
2024wasam_qm30,2976,matchEnd,155035
2024wasam_qm30,2976,scoreMidFail,150591
2024wasam_qm30,2976,acquireGround,148511
2024wasam_qm30,2976,specialCoop,132680
2024wasam_qm30,2976,scoreMid,126740
2024wasam_qm30,2976,acquireGround,122461
2024wasam_qm30,2976,scoreMid,105481
2024wasam_qm30,2976,acquireGround,97693
2024wasam_qm30,2976,scoreMidFail,87275
2024wasam_qm30,2976,acquireGround,82922
2024wasam_qm30,2976,scoreMid,74586
2024wasam_qm30,2976,acquireGround,57735
2024wasam_qm30,2976,scoreMidFail,47426
2024wasam_qm30,2976,acquireGround,39046
2024wasam_qm30,2976,scoreMidFail,32669
2024wasam_qm30,2976,autoEnd,18033
2024wasam_qm30,2976,matchStart,0
2024wasam_qm31,1318,matchEnd,155036
2024wasam_qm31,1318,acquireGround,145625
2024wasam_qm31,1318,scoreMid,140085
2024wasam_qm31,1318,defendedOnEnd,134449
2024wasam_qm31,1318,defendedOnStart,132639
2024wasam_qm31,1318,scoreLow,122259
2024wasam_qm31,1318,acquireGround,119991
2024wasam_qm31,1318,scoreLowFail,91042
2024wasam_qm31,1318,scoreLow,88787
2024wasam_qm31,1318,scoreLow,85471
2024wasam_qm31,1318,acquireGround,75042
2024wasam_qm31,1318,scoreMid,66160
2024wasam_qm31,1318,acquireGround,54885
2024wasam_qm31,1318,scoreLow,48644
2024wasam_qm31,1318,acquireGround,40747
2024wasam_qm31,1318,scoreLow,36855
2024wasam_qm31,1318,acquireGround,33667
2024wasam_qm31,1318,scoreMid,28627
2024wasam_qm31,1318,acquireGround,25700
2024wasam_qm31,1318,autoEnd,18035
2024wasam_qm31,1318,scoreMid,15110
2024wasam_qm31,1318,acquireGround,12558
2024wasam_qm31,1318,scoreMid,10568
2024wasam_qm31,1318,acquireGround,9565
2024wasam_qm31,1318,scoreMid,7560
2024wasam_qm31,1318,matchStart,0
2024wasam_qm32,4918,matchEnd,155034
2024wasam_qm32,4918,specialCoop,138190
2024wasam_qm32,4918,specialAuto,135303
2024wasam_qm32,4918,scoreMid,127774
2024wasam_qm32,4918,scoreMid,110483
2024wasam_qm32,4918,acquireGround,96755
2024wasam_qm32,4918,defendedOnEnd,77260
2024wasam_qm32,4918,defendedOnStart,73880
2024wasam_qm32,4918,scoreMid,66015
2024wasam_qm32,4918,acquireGround,53050
2024wasam_qm32,4918,scoreMidFail,40665
2024wasam_qm32,4918,acquireGround,27362
2024wasam_qm32,4918,autoEnd,18003
2024wasam_qm32,4918,acquireFail,15227
2024wasam_qm32,4918,scoreMidFail,6821
2024wasam_qm32,4918,matchStart,0
2024wasam_qm31,3070,matchEnd,155007
2024wasam_qm31,3070,acquireGround,63085
2024wasam_qm31,3070,scoreLow,52886
2024wasam_qm31,3070,acquireGround,45717
2024wasam_qm31,3070,scoreLow,36088
2024wasam_qm31,3070,acquireGround,30617
2024wasam_qm31,3070,acquireGround,23217
2024wasam_qm31,3070,autoEnd,18002
2024wasam_qm31,3070,scoreMid,14697
2024wasam_qm31,3070,acquireGround,13951
2024wasam_qm31,3070,scoreMid,11281
2024wasam_qm31,3070,scoreMid,10766
2024wasam_qm31,3070,acquireGround,10185
2024wasam_qm31,3070,matchStart,0
2024wasam_qm32,4131,matchEnd,155002
2024wasam_qm32,4131,scoreMid,127245
2024wasam_qm32,4131,acquireGround,124394
2024wasam_qm32,4131,scoreMid,121643
2024wasam_qm32,4131,acquireGround,113677
2024wasam_qm32,4131,scoreMid,108309
2024wasam_qm32,4131,scoreMid,89210
2024wasam_qm32,4131,scoreMid,66475
2024wasam_qm32,4131,scoreMid,52606
2024wasam_qm32,4131,acquireGround,47240
2024wasam_qm32,4131,acquireGround,45010
2024wasam_qm32,4131,specialCoop,38195
2024wasam_qm32,4131,scoreMid,33087
2024wasam_qm32,4131,acquireGround,30105
2024wasam_qm32,4131,scoreMid,23570
2024wasam_qm32,4131,acquireGround,20053
2024wasam_qm32,4131,autoEnd,18001
2024wasam_qm32,4131,scoreMid,3602
2024wasam_qm32,4131,matchStart,0
2024wasam_qm33,1595,matchEnd,155001
2024wasam_qm33,1595,scoreMid,131504
2024wasam_qm33,1595,acquireGround,128303
2024wasam_qm33,1595,scoreMid,111106
2024wasam_qm33,1595,acquireGround,107269
2024wasam_qm33,1595,scoreMid,104135
2024wasam_qm33,1595,acquireGround,95884
2024wasam_qm33,1595,scoreMid,87618
2024wasam_qm33,1595,scoreMid,74851
2024wasam_qm33,1595,scoreMid,68550
2024wasam_qm33,1595,acquireFail,59401
2024wasam_qm33,1595,acquireGround,54448
2024wasam_qm33,1595,specialCoop,47630
2024wasam_qm33,1595,acquireGround,41312
2024wasam_qm33,1595,scoreMid,28979
2024wasam_qm33,1595,acquireGround,25828
2024wasam_qm33,1595,autoEnd,18001
2024wasam_qm33,1595,matchStart,0
2024wasam_qm28,2928,matchEnd,155005
2024wasam_qm28,2928,scoreMid,131573
2024wasam_qm28,2928,acquireStation,122439
2024wasam_qm28,2928,scoreMid,118171
2024wasam_qm28,2928,acquireStation,107425
2024wasam_qm28,2928,scoreMid,100437
2024wasam_qm28,2928,acquireStation,94322
2024wasam_qm28,2928,scoreMid,78571
2024wasam_qm28,2928,acquireStation,69437
2024wasam_qm28,2928,scoreMid,60000
2024wasam_qm28,2928,acquireStation,48317
2024wasam_qm28,2928,scoreMid,37951
2024wasam_qm28,2928,scoreMid,27463
2024wasam_qm28,2928,autoEnd,18009
2024wasam_qm28,2928,scoreMid,7734
2024wasam_qm28,2928,matchStart,0
2024wasam_qm29,492,matchEnd,155001
2024wasam_qm29,492,acquireStation,132532
2024wasam_qm29,492,scoreMid,125817
2024wasam_qm29,492,acquireStation,121463
2024wasam_qm29,492,scoreMid,109011
2024wasam_qm29,492,acquireStation,101927
2024wasam_qm29,492,scoreMid,86242
2024wasam_qm29,492,acquireStation,80273
2024wasam_qm29,492,scoreMid,72070
2024wasam_qm29,492,acquireStation,63762
2024wasam_qm29,492,scoreMid,56373
2024wasam_qm29,492,acquireStation,40840
2024wasam_qm29,492,scoreMid,29924
2024wasam_qm29,492,acquireGround,28000
2024wasam_qm29,492,scoreMid,27440
2024wasam_qm29,492,acquireGround,24221
2024wasam_qm29,492,autoEnd,18008
2024wasam_qm29,492,scoreMid,11124
2024wasam_qm29,492,scoreMid,3126
2024wasam_qm29,492,matchStart,0
2024wasam_qm30,6076,matchEnd,155006
2024wasam_qm30,6076,acquireStation,119945
2024wasam_qm30,6076,scoreMid,99243
2024wasam_qm30,6076,scoreMid,77843
2024wasam_qm30,6076,scoreMid,66738
2024wasam_qm30,6076,scoreMidFail,55245
2024wasam_qm30,6076,specialCoop,51368
2024wasam_qm30,6076,acquireGround,45206
2024wasam_qm30,6076,scoreMid,41339
2024wasam_qm30,6076,acquireGround,39954
2024wasam_qm30,6076,acquireFail,37860
2024wasam_qm30,6076,autoEnd,18006
2024wasam_qm30,6076,matchStart,0
2024wasam_qm31,4173,matchEnd,155000
2024wasam_qm31,4173,scoreMid,149772
2024wasam_qm31,4173,acquireStation,141122
2024wasam_qm31,4173,defendedOnStart,118043
2024wasam_qm31,4173,scoreMid,106225
2024wasam_qm31,4173,acquireStation,99202
2024wasam_qm31,4173,scoreMid,85335
2024wasam_qm31,4173,acquireStation,75236
2024wasam_qm31,4173,scoreMid,63632
2024wasam_qm31,4173,scoreMid,34156
2024wasam_qm31,4173,autoEnd,18001
2024wasam_qm31,4173,scoreMid,4151
2024wasam_qm31,4173,matchStart,0
2024wasam_qm28,4131,matchEnd,155006
2024wasam_qm28,4131,scoreMidFail,140856
2024wasam_qm28,4131,acquireGround,135560
2024wasam_qm28,4131,scoreMidFail,128756
2024wasam_qm28,4131,acquireStation,117826
2024wasam_qm28,4131,scoreMid,110720
2024wasam_qm28,4131,acquireStation,96954
2024wasam_qm28,4131,scoreMid,90367
2024wasam_qm28,4131,acquireGround,89571
2024wasam_qm28,4131,scoreMidFail,84455
2024wasam_qm28,4131,acquireGround,83539
2024wasam_qm28,4131,acquireFail,80651
2024wasam_qm28,4131,scoreMid,73155
2024wasam_qm28,4131,acquireGround,70935
2024wasam_qm28,4131,scoreMidFail,63118
2024wasam_qm28,4131,acquireStation,50169
2024wasam_qm28,4131,scoreMid,34517
2024wasam_qm28,4131,acquireGround,33867
2024wasam_qm28,4131,scoreMid,24571
2024wasam_qm28,4131,acquireGround,19901
2024wasam_qm28,4131,autoEnd,18006
2024wasam_qm28,4131,acquireFail,9583
2024wasam_qm28,4131,scoreMidFail,2971
2024wasam_qm28,4131,matchStart,0
2024wasam_qm29,9442,matchEnd,155007
2024wasam_qm29,9442,scoreMid,151109
2024wasam_qm29,9442,acquireGround,146559
2024wasam_qm29,9442,scoreMid,140154
2024wasam_qm29,9442,acquireStation,134936
2024wasam_qm29,9442,scoreMid,125104
2024wasam_qm29,9442,acquireStation,119815
2024wasam_qm29,9442,scoreMid,113640
2024wasam_qm29,9442,acquireStation,110006
2024wasam_qm29,9442,scoreMid,105554
2024wasam_qm29,9442,scoreMidFail,103568
2024wasam_qm29,9442,acquireStation,98568
2024wasam_qm29,9442,scoreMid,94085
2024wasam_qm29,9442,acquireGround,88134
2024wasam_qm29,9442,scoreMid,83418
2024wasam_qm29,9442,acquireGround,78072
2024wasam_qm29,9442,scoreMidFail,75437
2024wasam_qm29,9442,scoreMidFail,66684
2024wasam_qm29,9442,acquireStation,60283
2024wasam_qm29,9442,scoreMid,56390
2024wasam_qm29,9442,acquireGround,49886
2024wasam_qm29,9442,scoreMid,40349
2024wasam_qm29,9442,acquireStation,34870
2024wasam_qm29,9442,scoreMid,29917
2024wasam_qm29,9442,acquireGround,29151
2024wasam_qm29,9442,scoreMid,26397
2024wasam_qm29,9442,acquireGround,25868
2024wasam_qm29,9442,scoreMidFail,24418
2024wasam_qm29,9442,autoEnd,18001
2024wasam_qm29,9442,acquireGround,15981
2024wasam_qm29,9442,scoreMid,12082
2024wasam_qm29,9442,acquireGround,9435
2024wasam_qm29,9442,scoreMid,6800
2024wasam_qm29,9442,acquireGround,4747
2024wasam_qm29,9442,scoreMid,1631
2024wasam_qm29,9442,matchStart,0
2024wasam_qm30,2412,matchEnd,155002
2024wasam_qm30,2412,scoreMid,117905
2024wasam_qm30,2412,acquireGround,114836
2024wasam_qm30,2412,scoreMid,107582
2024wasam_qm30,2412,acquireGround,99186
2024wasam_qm30,2412,scoreMidFail,89008
2024wasam_qm30,2412,acquireGround,78388
2024wasam_qm30,2412,scoreMid,73102
2024wasam_qm30,2412,acquireGround,66417
2024wasam_qm30,2412,scoreMidFail,59389
2024wasam_qm30,2412,specialCoop,47832
2024wasam_qm30,2412,scoreMidFail,22082
2024wasam_qm30,2412,autoEnd,18002
2024wasam_qm30,2412,acquireGround,6866
2024wasam_qm30,2412,scoreMidFail,2565
2024wasam_qm30,2412,matchStart,0
2024wasam_qm31,4104,matchEnd,155001
2024wasam_qm31,4104,autoEnd,18001
2024wasam_qm31,4104,scoreMidFail,6304
2024wasam_qm31,4104,matchStart,0
2024wasam_qm32,3268,matchEnd,155001
2024wasam_qm32,3268,acquireStation,61095
2024wasam_qm32,3268,scoreMidFail,33122
2024wasam_qm32,3268,acquireGround,27171
2024wasam_qm32,3268,autoEnd,18001
2024wasam_qm32,3268,scoreMidFail,1941
2024wasam_qm32,3268,matchStart,0
2024wasam_qm33,1983,matchEnd,155001
2024wasam_qm33,1983,specialCoop,152350
2024wasam_qm33,1983,specialAuto,148174
2024wasam_qm33,1983,scoreMid,137377
2024wasam_qm33,1983,acquireFail,132180
2024wasam_qm33,1983,acquireGround,130860
2024wasam_qm33,1983,scoreMid,114332
2024wasam_qm33,1983,acquireStation,105715
2024wasam_qm33,1983,acquireStation,95493
2024wasam_qm33,1983,scoreLow,87477
2024wasam_qm33,1983,acquireGround,75754
2024wasam_qm33,1983,scoreMid,69891
2024wasam_qm33,1983,acquireStation,57603
2024wasam_qm33,1983,acquireStation,54891
2024wasam_qm33,1983,acquireStation,36787
2024wasam_qm33,1983,scoreLow,32758
2024wasam_qm33,1983,acquireGround,25941
2024wasam_qm33,1983,autoEnd,18001
2024wasam_qm33,1983,scoreMidFail,13591
2024wasam_qm33,1983,acquireGround,9937
2024wasam_qm33,1983,scoreMid,6370
2024wasam_qm33,1983,acquireGround,5821
2024wasam_qm33,1983,scoreMid,2642
2024wasam_qm33,1983,matchStart,0
2024wasam_qm34,9023,matchEnd,155006
2024wasam_qm34,9023,acquireGround,140227
2024wasam_qm34,9023,scoreMid,128496
2024wasam_qm34,9023,acquireStation,124187
2024wasam_qm34,9023,scoreMidFail,107621
2024wasam_qm34,9023,acquireStation,102341
2024wasam_qm34,9023,scoreMid,96824
2024wasam_qm34,9023,scoreMidFail,95224
2024wasam_qm34,9023,acquireStation,83341
2024wasam_qm34,9023,scoreMid,77858
2024wasam_qm34,9023,acquireGround,74484
2024wasam_qm34,9023,acquireFail,74208
2024wasam_qm34,9023,scoreMid,56706
2024wasam_qm34,9023,acquireStation,49828
2024wasam_qm34,9023,acquireGround,24335
2024wasam_qm34,9023,autoEnd,18008
2024wasam_qm34,9023,scoreMidFail,3137
2024wasam_qm34,9023,matchStart,0
2024wasam_qm28,9023,matchEnd,155001
2024wasam_qm28,9023,acquireGround,134455
2024wasam_qm28,9023,scoreLowFail,131824
2024wasam_qm28,9023,acquireGround,86219
2024wasam_qm28,9023,scoreLow,74536
2024wasam_qm28,9023,acquireGround,57885
2024wasam_qm28,9023,autoEnd,18001
2024wasam_qm28,9023,scoreMid,8800
2024wasam_qm28,9023,matchStart,0
2024wasam_qm30,949,matchEnd,136006
2024wasam_qm30,949,specialCoop,133843
2024wasam_qm30,949,autoEnd,4120
2024wasam_qm30,949,matchStart,0
2024wasam_qm31,8248,matchEnd,155004
2024wasam_qm31,8248,acquireGround,148706
2024wasam_qm31,8248,scoreMid,147590
2024wasam_qm31,8248,scoreMid,115922
2024wasam_qm31,8248,acquireGround,115153
2024wasam_qm31,8248,scoreMid,92088
2024wasam_qm31,8248,acquireGround,90938
2024wasam_qm31,8248,scoreMid,70273
2024wasam_qm31,8248,acquireGround,43902
2024wasam_qm31,8248,scoreMid,42303
2024wasam_qm31,8248,acquireGround,36652
2024wasam_qm31,8248,scoreMid,25851
2024wasam_qm31,8248,autoEnd,18000
2024wasam_qm31,8248,specialAuto,4355
2024wasam_qm31,8248,matchStart,0
2024wasam_qm32,9036,matchEnd,155000
2024wasam_qm32,9036,scoreLow,138206
2024wasam_qm32,9036,acquireGround,137204
2024wasam_qm32,9036,scoreLow,122953
2024wasam_qm32,9036,acquireGround,122269
2024wasam_qm32,9036,scoreLow,107788
2024wasam_qm32,9036,acquireGround,96885
2024wasam_qm32,9036,scoreLow,84768
2024wasam_qm32,9036,acquireGround,75184
2024wasam_qm32,9036,scoreLow,54217
2024wasam_qm32,9036,acquireGround,48668
2024wasam_qm32,9036,scoreLow,45101
2024wasam_qm32,9036,acquireGround,44184
2024wasam_qm32,9036,scoreLow,31236
2024wasam_qm32,9036,acquireGround,30631
2024wasam_qm32,9036,autoEnd,18001
2024wasam_qm32,9036,scoreMid,7865
2024wasam_qm32,9036,matchStart,0
2024wasam_qm33,948,matchEnd,160291
2024wasam_qm33,948,scoreMid,151503
2024wasam_qm33,948,scoreLow,135608
2024wasam_qm33,948,acquireGround,134905
2024wasam_qm33,948,scoreLowFail,119455
2024wasam_qm33,948,acquireGround,104688
2024wasam_qm33,948,scoreLow,103755
2024wasam_qm33,948,specialCoop,100374
2024wasam_qm33,948,specialAuto,99541
2024wasam_qm33,948,acquireGround,93736
2024wasam_qm33,948,scoreLow,89789
2024wasam_qm33,948,acquireGround,87369
2024wasam_qm33,948,scoreLow,63587
2024wasam_qm33,948,acquireGround,62718
2024wasam_qm33,948,scoreLow,53036
2024wasam_qm33,948,acquireGround,51703
2024wasam_qm33,948,scoreLow,37935
2024wasam_qm33,948,acquireGround,29467
2024wasam_qm33,948,scoreLow,23252
2024wasam_qm33,948,acquireGround,22484
2024wasam_qm33,948,autoEnd,15685
2024wasam_qm33,948,scoreMid,8302
2024wasam_qm33,948,acquireGround,7784
2024wasam_qm33,948,scoreMid,7285
2024wasam_qm33,948,matchStart,0
2024wasam_qm35,4173,matchEnd,155006
2024wasam_qm35,4173,scoreMid,27699
2024wasam_qm35,4173,acquireGround,27102
2024wasam_qm35,4173,scoreMid,22535
2024wasam_qm35,4173,acquireGround,21801
2024wasam_qm35,4173,autoEnd,18001
2024wasam_qm35,4173,specialAuto,12436
2024wasam_qm35,4173,scoreMid,7018
2024wasam_qm35,4173,matchStart,0
2024wasam_qm35,9442,matchEnd,155007
2024wasam_qm35,9442,acquireGround,151255
2024wasam_qm35,9442,scoreMid,144665
2024wasam_qm35,9442,acquireStation,140883
2024wasam_qm35,9442,scoreMid,135957
2024wasam_qm35,9442,acquireGround,135005
2024wasam_qm35,9442,scoreMidFail,129176
2024wasam_qm35,9442,acquireGround,124709
2024wasam_qm35,9442,scoreMid,119947
2024wasam_qm35,9442,acquireGround,118143
2024wasam_qm35,9442,scoreMidFail,115090
2024wasam_qm35,9442,acquireStation,110290
2024wasam_qm35,9442,scoreMid,103608
2024wasam_qm35,9442,acquireGround,99104
2024wasam_qm35,9442,scoreMid,90612
2024wasam_qm35,9442,acquireStation,85344
2024wasam_qm35,9442,scoreMid,79441
2024wasam_qm35,9442,acquireGround,74873
2024wasam_qm35,9442,scoreMid,68596
2024wasam_qm35,9442,acquireGround,63671
2024wasam_qm35,9442,scoreMidFail,59624
2024wasam_qm35,9442,acquireStation,54591
2024wasam_qm35,9442,scoreMid,50693
2024wasam_qm35,9442,acquireStation,44974
2024wasam_qm35,9442,scoreMid,39788
2024wasam_qm35,9442,acquireStation,34692
2024wasam_qm35,9442,scoreMid,30274
2024wasam_qm35,9442,acquireGround,26723
2024wasam_qm35,9442,scoreMid,24840
2024wasam_qm35,9442,acquireGround,20989
2024wasam_qm35,9442,autoEnd,18006
2024wasam_qm35,9442,scoreMid,14306
2024wasam_qm35,9442,acquireGround,10237
2024wasam_qm35,9442,scoreMid,8469
2024wasam_qm35,9442,acquireGround,7665
2024wasam_qm35,9442,scoreMid,1416
2024wasam_qm35,9442,matchStart,0
2024wasam_qm35,3681,matchEnd,155018
2024wasam_qm35,3681,acquireGround,116821
2024wasam_qm35,3681,scoreLow,99571
2024wasam_qm35,3681,acquireGround,81436
2024wasam_qm35,3681,acquireGround,63441
2024wasam_qm35,3681,scoreLow,62308
2024wasam_qm35,3681,acquireGround,40839
2024wasam_qm35,3681,scoreLow,38267
2024wasam_qm35,3681,autoEnd,18018
2024wasam_qm35,3681,scoreMidFail,7984
2024wasam_qm35,3681,matchStart,0
2024wasam_qm16,1595,matchEnd,155006
2024wasam_qm16,1595,acquireStation,124065
2024wasam_qm16,1595,scoreMid,117732
2024wasam_qm16,1595,scoreMid,101951
2024wasam_qm16,1595,acquireStation,96150
2024wasam_qm16,1595,scoreMid,89246
2024wasam_qm16,1595,acquireStation,80394
2024wasam_qm16,1595,scoreMid,75230
2024wasam_qm16,1595,acquireStation,57966
2024wasam_qm16,1595,scoreMid,51781
2024wasam_qm16,1595,scoreMidFail,42614
2024wasam_qm16,1595,scoreMidFail,36817
2024wasam_qm16,1595,autoEnd,18008
2024wasam_qm16,1595,scoreMid,5660
2024wasam_qm16,1595,scoreMid,2782
2024wasam_qm16,1595,matchStart,0
2024wasam_qm17,2928,matchEnd,155000
2024wasam_qm17,2928,scoreMid,135338
2024wasam_qm17,2928,acquireStation,121317
2024wasam_qm17,2928,scoreMid,108828
2024wasam_qm17,2928,acquireStation,101371
2024wasam_qm17,2928,scoreMid,89267
2024wasam_qm17,2928,scoreMid,74826
2024wasam_qm17,2928,scoreMidFail,50013
2024wasam_qm17,2928,specialAuto,44915
2024wasam_qm17,2928,specialCoop,44631
2024wasam_qm17,2928,scoreMid,40279
2024wasam_qm17,2928,scoreMid,28210
2024wasam_qm17,2928,acquireGround,24155
2024wasam_qm17,2928,autoEnd,18008
2024wasam_qm17,2928,scoreMid,2700
2024wasam_qm17,2928,matchStart,0
2024wasam_qm18,4131,matchEnd,155007
2024wasam_qm18,4131,scoreMidFail,153000
2024wasam_qm18,4131,acquireStation,145861
2024wasam_qm18,4131,scoreMid,127447
2024wasam_qm18,4131,scoreLow,93025
2024wasam_qm18,4131,scoreMid,84758
2024wasam_qm18,4131,acquireStation,78981
2024wasam_qm18,4131,scoreMid,71738
2024wasam_qm18,4131,scoreLowFail,56758
2024wasam_qm18,4131,acquireStation,44074
2024wasam_qm18,4131,scoreMid,36022
2024wasam_qm18,4131,acquireStation,30459
2024wasam_qm18,4131,scoreMid,24540
2024wasam_qm18,4131,acquireGround,20186
2024wasam_qm18,4131,autoEnd,18002
2024wasam_qm18,4131,specialAuto,11738
2024wasam_qm18,4131,matchStart,0
2024wasam_qm19,9450,matchEnd,155002
2024wasam_qm19,9450,scoreHighFail,146139
2024wasam_qm19,9450,acquireStation,116000
2024wasam_qm19,9450,acquireFail,105120
2024wasam_qm19,9450,acquireFail,98688
2024wasam_qm19,9450,scoreLow,88133
2024wasam_qm19,9450,scoreLow,77788
2024wasam_qm19,9450,acquireStation,67302
2024wasam_qm19,9450,scoreLowFail,30000
2024wasam_qm19,9450,acquireGround,25172
2024wasam_qm19,9450,autoEnd,18001
2024wasam_qm19,9450,acquireFail,11618
2024wasam_qm19,9450,scoreLow,5820
2024wasam_qm19,9450,matchStart,0
2024wasam_qm20,6076,matchEnd,155006
2024wasam_qm20,6076,autoEnd,18006
2024wasam_qm20,6076,matchStart,0
2024wasam_qm21,1318,matchEnd,155003
2024wasam_qm21,1318,scoreMid,135467
2024wasam_qm21,1318,acquireStation,134906
2024wasam_qm21,1318,scoreMid,127505
2024wasam_qm21,1318,acquireStation,114152
2024wasam_qm21,1318,acquireFail,99000
2024wasam_qm21,1318,scoreMidFail,93000
2024wasam_qm21,1318,acquireGround,92970
2024wasam_qm21,1318,scoreMid,86898
2024wasam_qm21,1318,acquireStation,82318
2024wasam_qm21,1318,acquireStation,69378
2024wasam_qm21,1318,scoreMid,61932
2024wasam_qm21,1318,acquireStation,55655
2024wasam_qm21,1318,scoreMid,48512
2024wasam_qm21,1318,acquireStation,42101
2024wasam_qm21,1318,scoreMid,34710
2024wasam_qm21,1318,acquireStation,28501
2024wasam_qm21,1318,scoreMid,23045
2024wasam_qm21,1318,acquireGround,21438
2024wasam_qm21,1318,autoEnd,18002
2024wasam_qm21,1318,scoreMid,14443
2024wasam_qm21,1318,scoreMid,10127
2024wasam_qm21,1318,scoreMid,5949
2024wasam_qm21,1318,scoreMidFail,2709
2024wasam_qm21,1318,matchStart,0
2024wasam_qm41,3574,matchEnd,155006
2024wasam_qm41,3574,specialCoop,144011
2024wasam_qm41,3574,acquireStation,52068
2024wasam_qm41,3574,scoreMid,40801
2024wasam_qm41,3574,scoreMid,27200
2024wasam_qm41,3574,acquireGround,23733
2024wasam_qm41,3574,autoEnd,18006
2024wasam_qm41,3574,scoreMid,4115
2024wasam_qm41,3574,matchStart,0
2024wasam_qm49,3681,matchEnd,155006
2024wasam_qm49,3681,scoreMid,138153
2024wasam_qm49,3681,scoreLow,117170
2024wasam_qm49,3681,acquireStation,104784
2024wasam_qm49,3681,scoreLow,92622
2024wasam_qm49,3681,acquireStation,80148
2024wasam_qm49,3681,scoreLow,64835
2024wasam_qm49,3681,acquireStation,54284
2024wasam_qm49,3681,scoreLow,44113
2024wasam_qm49,3681,scoreLow,37300
2024wasam_qm49,3681,acquireGround,22944
2024wasam_qm49,3681,autoEnd,18006
2024wasam_qm49,3681,scoreMidFail,3052
2024wasam_qm49,3681,matchStart,0
2024wasam_qm50,5588,matchEnd,155006
2024wasam_qm50,5588,scoreMid,26703
2024wasam_qm50,5588,autoEnd,18007
2024wasam_qm50,5588,scoreMidFail,3000
2024wasam_qm50,5588,matchStart,0
2024wasam_qm51,8248,matchEnd,155001
2024wasam_qm51,8248,scoreMidFail,117022
2024wasam_qm51,8248,acquireStation,106549
2024wasam_qm51,8248,scoreMid,94320
2024wasam_qm51,8248,acquireStation,87672
2024wasam_qm51,8248,scoreMid,69000
2024wasam_qm51,8248,acquireStation,57547
2024wasam_qm51,8248,scoreMid,47370
2024wasam_qm51,8248,acquireStation,42616
2024wasam_qm51,8248,scoreMid,33264
2024wasam_qm51,8248,autoEnd,18001
2024wasam_qm51,8248,specialAuto,6651
2024wasam_qm51,8248,matchStart,0
2024wasam_qm52,1595,matchEnd,155006
2024wasam_qm52,1595,scoreMid,140233
2024wasam_qm52,1595,acquireStation,130505
2024wasam_qm52,1595,scoreMid,121667
2024wasam_qm52,1595,acquireStation,112749
2024wasam_qm52,1595,scoreMid,106664
2024wasam_qm52,1595,acquireStation,96712
2024wasam_qm52,1595,scoreMid,90730
2024wasam_qm52,1595,acquireGround,83117
2024wasam_qm52,1595,scoreMid,80349
2024wasam_qm52,1595,acquireStation,69000
2024wasam_qm52,1595,scoreMid,59037
2024wasam_qm52,1595,acquireStation,50080
2024wasam_qm52,1595,scoreMid,37167
2024wasam_qm52,1595,acquireGround,34144
2024wasam_qm52,1595,scoreMid,31259
2024wasam_qm52,1595,scoreMid,25445
2024wasam_qm52,1595,acquireGround,22896
2024wasam_qm52,1595,autoEnd,18001
2024wasam_qm52,1595,scoreMidFail,9641
2024wasam_qm52,1595,matchStart,0
2024wasam_qm53,9023,matchEnd,155000
2024wasam_qm53,9023,scoreMidFail,145224
2024wasam_qm53,9023,acquireStation,141049
2024wasam_qm53,9023,scoreMid,133205
2024wasam_qm53,9023,acquireStation,128108
2024wasam_qm53,9023,scoreMid,121879
2024wasam_qm53,9023,acquireStation,118090
2024wasam_qm53,9023,scoreMid,112224
2024wasam_qm53,9023,acquireStation,107104
2024wasam_qm53,9023,scoreMid,99168
2024wasam_qm53,9023,specialBoost,99000
2024wasam_qm53,9023,acquireStation,94336
2024wasam_qm53,9023,scoreMid,81635
2024wasam_qm53,9023,acquireStation,75123
2024wasam_qm53,9023,scoreMid,68751
2024wasam_qm53,9023,specialBoost,63137
2024wasam_qm53,9023,acquireStation,59985
2024wasam_qm53,9023,scoreMid,54340
2024wasam_qm53,9023,acquireStation,44686
2024wasam_qm53,9023,scoreMid,38883
2024wasam_qm53,9023,acquireStation,34668
2024wasam_qm53,9023,scoreMid,26453
2024wasam_qm53,9023,acquireGround,23489
2024wasam_qm53,9023,autoEnd,18001
2024wasam_qm53,9023,specialAuto,10306
2024wasam_qm53,9023,scoreMid,4630
2024wasam_qm53,9023,matchStart,0
2024wasam_qm54,4918,matchEnd,155001
2024wasam_qm54,4918,scoreMidFail,141939
2024wasam_qm54,4918,acquireStation,133638
2024wasam_qm54,4918,scoreMid,119127
2024wasam_qm54,4918,acquireStation,109403
2024wasam_qm54,4918,scoreMid,98969
2024wasam_qm54,4918,acquireGround,94556
2024wasam_qm54,4918,scoreMidFail,89503
2024wasam_qm54,4918,acquireStation,73235
2024wasam_qm54,4918,scoreMid,64434
2024wasam_qm54,4918,acquireGround,60904
2024wasam_qm54,4918,scoreMid,54002
2024wasam_qm54,4918,acquireGround,52134
2024wasam_qm54,4918,scoreMid,45266
2024wasam_qm54,4918,acquireGround,40171
2024wasam_qm54,4918,scoreMidFail,33050
2024wasam_qm54,4918,acquireGround,28796
2024wasam_qm54,4918,autoEnd,18002
2024wasam_qm54,4918,scoreMid,5198
2024wasam_qm54,4918,matchStart,0
2024wasam_qm55,4173,matchEnd,155000
2024wasam_qm55,4173,acquireStation,154026
2024wasam_qm55,4173,scoreMid,143475
2024wasam_qm55,4173,acquireStation,137893
2024wasam_qm55,4173,scoreMid,130670
2024wasam_qm55,4173,acquireStation,117885
2024wasam_qm55,4173,scoreMid,105489
2024wasam_qm55,4173,acquireStation,98150
2024wasam_qm55,4173,scoreMid,92300
2024wasam_qm55,4173,scoreMid,86338
2024wasam_qm55,4173,scoreMid,69303
2024wasam_qm55,4173,acquireStation,59048
2024wasam_qm55,4173,scoreMid,50982
2024wasam_qm55,4173,acquireStation,44450
2024wasam_qm55,4173,scoreMid,37398
2024wasam_qm55,4173,acquireGround,29747
2024wasam_qm55,4173,autoEnd,18002
2024wasam_qm55,4173,scoreMid,3929
2024wasam_qm55,4173,matchStart,0
2024wasam_qm56,948,matchEnd,155000
2024wasam_qm56,948,scoreMid,139122
2024wasam_qm56,948,scoreLow,131807
2024wasam_qm56,948,acquireStation,86822
2024wasam_qm56,948,scoreLow,79302
2024wasam_qm56,948,acquireGround,74119
2024wasam_qm56,948,scoreLowFail,64075
2024wasam_qm56,948,specialCoop,45755
2024wasam_qm56,948,scoreLow,40752
2024wasam_qm56,948,scoreMid,29800
2024wasam_qm56,948,acquireGround,21771
2024wasam_qm56,948,autoEnd,18006
2024wasam_qm56,948,scoreMid,14867
2024wasam_qm56,948,scoreMid,6363
2024wasam_qm56,948,scoreMid,6100
2024wasam_qm56,948,matchStart,0
2024wasam_qm57,7461,matchEnd,155006
2024wasam_qm57,7461,acquireGround,148690
2024wasam_qm57,7461,scoreMid,144408
2024wasam_qm57,7461,acquireGround,138387
2024wasam_qm57,7461,specialBoost,70025
2024wasam_qm57,7461,acquireGround,46383
2024wasam_qm57,7461,scoreMid,41950
2024wasam_qm57,7461,acquireGround,36853
2024wasam_qm57,7461,scoreMid,32386
2024wasam_qm57,7461,acquireGround,29403
2024wasam_qm57,7461,scoreMid,25404
2024wasam_qm57,7461,acquireGround,21420
2024wasam_qm57,7461,autoEnd,18002
2024wasam_qm57,7461,scoreMid,13533
2024wasam_qm57,7461,acquireGround,11167
2024wasam_qm57,7461,scoreMid,7350
2024wasam_qm57,7461,acquireGround,4836
2024wasam_qm57,7461,scoreMid,2839
2024wasam_qm57,7461,matchStart,0
2024wasam_qm58,8051,matchEnd,155005
2024wasam_qm58,8051,scoreMid,120421
2024wasam_qm58,8051,acquireStation,103798
2024wasam_qm58,8051,scoreLow,99752
2024wasam_qm58,8051,specialBoost,83933
2024wasam_qm58,8051,acquireStation,82619
2024wasam_qm58,8051,scoreLow,75333
2024wasam_qm58,8051,scoreLow,56014
2024wasam_qm58,8051,acquireGround,50062
2024wasam_qm58,8051,specialCoop,30900
2024wasam_qm58,8051,scoreLow,27178
2024wasam_qm58,8051,autoEnd,18006
2024wasam_qm58,8051,scoreMid,11669
2024wasam_qm58,8051,scoreMid,9798
2024wasam_qm58,8051,scoreMid,2915
2024wasam_qm58,8051,matchStart,0
2024wasam_qm59,948,matchEnd,155002
2024wasam_qm59,948,scoreMidFail,148543
2024wasam_qm59,948,acquireStation,139706
2024wasam_qm59,948,acquireStation,116691
2024wasam_qm59,948,scoreMidFail,108237
2024wasam_qm59,948,acquireStation,106138
2024wasam_qm59,948,scoreMidFail,102408
2024wasam_qm59,948,acquireStation,98772
2024wasam_qm59,948,acquireStation,81288
2024wasam_qm59,948,scoreMidFail,74553
2024wasam_qm59,948,scoreLowFail,66985
2024wasam_qm59,948,acquireStation,49271
2024wasam_qm59,948,scoreLow,40291
2024wasam_qm59,948,scoreMidFail,30289
2024wasam_qm59,948,acquireGround,23589
2024wasam_qm59,948,autoEnd,18001
2024wasam_qm59,948,acquireFail,10649
2024wasam_qm59,948,specialAuto,4762
2024wasam_qm59,948,scoreMid,1783
2024wasam_qm59,948,matchStart,0
2024wasam_qm60,1294,matchEnd,155001
2024wasam_qm60,1294,acquireStation,153777
2024wasam_qm60,1294,scoreMid,150623
2024wasam_qm60,1294,acquireStation,141990
2024wasam_qm60,1294,scoreMid,135000
2024wasam_qm60,1294,acquireStation,130441
2024wasam_qm60,1294,scoreLow,125576
2024wasam_qm60,1294,acquireGround,122258
2024wasam_qm60,1294,scoreMid,119024
2024wasam_qm60,1294,acquireStation,113505
2024wasam_qm60,1294,scoreLow,107787
2024wasam_qm60,1294,acquireStation,101054
2024wasam_qm60,1294,scoreLow,85841
2024wasam_qm60,1294,acquireGround,77253
2024wasam_qm60,1294,scoreLow,73338
2024wasam_qm60,1294,acquireGround,70789
2024wasam_qm60,1294,scoreLow,64470
2024wasam_qm60,1294,acquireStation,57857
2024wasam_qm60,1294,scoreLow,48236
2024wasam_qm60,1294,acquireStation,41418
2024wasam_qm60,1294,scoreLow,35006
2024wasam_qm60,1294,autoEnd,18000
2024wasam_qm60,1294,specialAuto,17442
2024wasam_qm60,1294,acquireGround,16238
2024wasam_qm60,1294,scoreMid,11871
2024wasam_qm60,1294,acquireGround,9919
2024wasam_qm60,1294,scoreMid,8334
2024wasam_qm60,1294,acquireGround,7438
2024wasam_qm60,1294,scoreMid,5054
2024wasam_qm60,1294,acquireGround,3500
2024wasam_qm60,1294,scoreMid,1804
2024wasam_qm60,1294,matchStart,0
2024wasam_qm61,9450,matchEnd,155000
2024wasam_qm61,9450,scoreLow,101015
2024wasam_qm61,9450,acquireStation,93045
2024wasam_qm61,9450,acquireFail,90610
2024wasam_qm61,9450,acquireFail,79379
2024wasam_qm61,9450,acquireStation,71057
2024wasam_qm61,9450,scoreLowFail,64563
2024wasam_qm61,9450,acquireStation,48258
2024wasam_qm61,9450,scoreLow,40975
2024wasam_qm61,9450,acquireGround,33110
2024wasam_qm61,9450,acquireFail,24179
2024wasam_qm61,9450,autoEnd,18001
2024wasam_qm61,9450,scoreLow,5374
2024wasam_qm61,9450,matchStart,0
2024wasam_qm62,2928,matchEnd,155001
2024wasam_qm62,2928,scoreMid,127000
2024wasam_qm62,2928,acquireStation,121022
2024wasam_qm62,2928,scoreMid,111133
2024wasam_qm62,2928,acquireStation,100499
2024wasam_qm62,2928,scoreLow,88384
2024wasam_qm62,2928,acquireGround,84931
2024wasam_qm62,2928,scoreLowFail,81832
2024wasam_qm62,2928,acquireGround,76747
2024wasam_qm62,2928,scoreLowFail,73909
2024wasam_qm62,2928,acquireStation,61501
2024wasam_qm62,2928,scoreLow,55564
2024wasam_qm62,2928,acquireStation,48546
2024wasam_qm62,2928,scoreLow,40100
2024wasam_qm62,2928,acquireGround,35729
2024wasam_qm62,2928,scoreLowFail,30966
2024wasam_qm62,2928,scoreMid,24082
2024wasam_qm62,2928,acquireGround,21578
2024wasam_qm62,2928,autoEnd,18001
2024wasam_qm62,2928,scoreMid,1818
2024wasam_qm62,2928,matchStart,0
2024wasam_qm63,4173,matchEnd,154987
2024wasam_qm63,4173,defendedOnEnd,106804
2024wasam_qm63,4173,defendedOnStart,100166
2024wasam_qm63,4173,scoreMidFail,88175
2024wasam_qm63,4173,acquireGround,81597
2024wasam_qm63,4173,scoreMidFail,77643
2024wasam_qm63,4173,acquireGround,69779
2024wasam_qm63,4173,scoreMidFail,63460
2024wasam_qm63,4173,acquireGround,56862
2024wasam_qm63,4173,scoreMid,51011
2024wasam_qm63,4173,acquireStation,41123
2024wasam_qm63,4173,scoreMid,34608
2024wasam_qm63,4173,acquireGround,32273
2024wasam_qm63,4173,scoreMidFail,28190
2024wasam_qm63,4173,acquireGround,23758
2024wasam_qm63,4173,autoEnd,18010
2024wasam_qm63,4173,scoreMidFail,4305
2024wasam_qm63,4173,matchStart,0
2024wasam_qm64,4918,matchEnd,155003
2024wasam_qm64,4918,scoreMid,119286
2024wasam_qm64,4918,acquireStation,102164
2024wasam_qm64,4918,scoreMid,92897
2024wasam_qm64,4918,acquireGround,92281
2024wasam_qm64,4918,scoreMidFail,83078
2024wasam_qm64,4918,acquireStation,67647
2024wasam_qm64,4918,scoreMidFail,54764
2024wasam_qm64,4918,acquireGround,45713
2024wasam_qm64,4918,scoreMid,39446
2024wasam_qm64,4918,acquireGround,30181
2024wasam_qm64,4918,scoreMidFail,27578
2024wasam_qm64,4918,autoEnd,18001
2024wasam_qm64,4918,specialAuto,13777
2024wasam_qm64,4918,acquireGround,12233
2024wasam_qm64,4918,scoreMid,6000
2024wasam_qm64,4918,matchStart,0
2024wasam_qm65,8248,matchEnd,155001
2024wasam_qm65,8248,acquireStation,118555
2024wasam_qm65,8248,scoreMid,110820
2024wasam_qm65,8248,acquireStation,102883
2024wasam_qm65,8248,scoreMid,96737
2024wasam_qm65,8248,acquireStation,78892
2024wasam_qm65,8248,scoreMid,68581
2024wasam_qm65,8248,acquireStation,56229
2024wasam_qm65,8248,scoreMid,50365
2024wasam_qm65,8248,acquireStation,42847
2024wasam_qm65,8248,scoreMid,36115
2024wasam_qm65,8248,acquireGround,28645
2024wasam_qm65,8248,autoEnd,18001
2024wasam_qm65,8248,scoreMid,3745
2024wasam_qm65,8248,matchStart,0
2024wasam_qm66,9023,matchEnd,155001
2024wasam_qm66,9023,acquireGround,146513
2024wasam_qm66,9023,scoreMid,142892
2024wasam_qm66,9023,acquireGround,136240
2024wasam_qm66,9023,scoreMidFail,133006
2024wasam_qm66,9023,acquireStation,126693
2024wasam_qm66,9023,scoreMid,118772
2024wasam_qm66,9023,acquireGround,113609
2024wasam_qm66,9023,scoreMid,108973
2024wasam_qm66,9023,acquireStation,105861
2024wasam_qm66,9023,acquireFail,95000
2024wasam_qm66,9023,acquireStation,89624
2024wasam_qm66,9023,scoreMid,84336
2024wasam_qm66,9023,acquireStation,78591
2024wasam_qm66,9023,scoreMidFail,71535
2024wasam_qm66,9023,acquireStation,65555
2024wasam_qm66,9023,scoreMid,59506
2024wasam_qm66,9023,acquireStation,56206
2024wasam_qm66,9023,acquireStation,53569
2024wasam_qm66,9023,scoreMid,50287
2024wasam_qm66,9023,acquireGround,46404
2024wasam_qm66,9023,scoreMidFail,41185
2024wasam_qm66,9023,acquireStation,33315
2024wasam_qm66,9023,scoreLow,26933
2024wasam_qm66,9023,acquireStation,22401
2024wasam_qm66,9023,autoEnd,18000
2024wasam_qm66,9023,scoreMidFail,10407
2024wasam_qm66,9023,scoreMid,7184
2024wasam_qm66,9023,scoreMid,4033
2024wasam_qm66,9023,scoreMid,3555
2024wasam_qm66,9023,matchStart,0
2024wasam_qm67,9036,matchEnd,155001
2024wasam_qm67,9036,acquireStation,138879
2024wasam_qm67,9036,scoreMid,134346
2024wasam_qm67,9036,acquireGround,129864
2024wasam_qm67,9036,scoreMid,125513
2024wasam_qm67,9036,acquireGround,122850
2024wasam_qm67,9036,scoreMidFail,118647
2024wasam_qm67,9036,acquireStation,102881
2024wasam_qm67,9036,scoreLow,94640
2024wasam_qm67,9036,scoreLow,87000
2024wasam_qm67,9036,scoreMid,80681
2024wasam_qm67,9036,acquireStation,69901
2024wasam_qm67,9036,specialBoostEnd,63701
2024wasam_qm67,9036,scoreMidBoost,62000
2024wasam_qm67,9036,specialBoost,59070
2024wasam_qm67,9036,acquireStation,51067
2024wasam_qm67,9036,scoreLow,40936
2024wasam_qm67,9036,acquireGround,37501
2024wasam_qm67,9036,scoreLow,33049
2024wasam_qm67,9036,acquireGround,23083
2024wasam_qm67,9036,autoEnd,18002
2024wasam_qm67,9036,scoreMid,16218
2024wasam_qm67,9036,acquireGround,14217
2024wasam_qm67,9036,scoreMidFail,11718
2024wasam_qm67,9036,acquireGround,9387
2024wasam_qm67,9036,scoreMid,7319
2024wasam_qm67,9036,acquireGround,4920
2024wasam_qm67,9036,scoreMid,3321
2024wasam_qm67,9036,matchStart,0
2024wasam_qm68,2046,matchEnd,155001
2024wasam_qm68,2046,scoreMid,135971
2024wasam_qm68,2046,acquireStation,126810
2024wasam_qm68,2046,scoreMid,121108
2024wasam_qm68,2046,acquireStation,114406
2024wasam_qm68,2046,scoreLow,109325
2024wasam_qm68,2046,acquireStation,103689
2024wasam_qm68,2046,scoreMid,98574
2024wasam_qm68,2046,acquireStation,94040
2024wasam_qm68,2046,scoreMid,89539
2024wasam_qm68,2046,acquireStation,82603
2024wasam_qm68,2046,scoreLow,78283
2024wasam_qm68,2046,acquireStation,68865
2024wasam_qm68,2046,scoreLow,63783
2024wasam_qm68,2046,acquireStation,59016
2024wasam_qm68,2046,scoreMidFail,49871
2024wasam_qm68,2046,acquireStation,46317
2024wasam_qm68,2046,scoreMidFail,38970
2024wasam_qm68,2046,acquireStation,33070
2024wasam_qm68,2046,scoreMid,28069
2024wasam_qm68,2046,acquireStation,21841
2024wasam_qm68,2046,autoEnd,18001
2024wasam_qm68,2046,specialAuto,13605
2024wasam_qm68,2046,scoreMidFail,9681
2024wasam_qm68,2046,scoreMid,4032
2024wasam_qm68,2046,scoreMid,1699
2024wasam_qm68,2046,matchStart,0
2024wasam_qm34,488,matchEnd,150003
2024wasam_qm34,488,scoreMid,144218
2024wasam_qm34,488,acquireGround,136262
2024wasam_qm34,488,scoreMid,118596
2024wasam_qm34,488,acquireGround,107247
2024wasam_qm34,488,scoreMid,100945
2024wasam_qm34,488,acquireGround,91067
2024wasam_qm34,488,scoreMid,82782
2024wasam_qm34,488,acquireGround,67459
2024wasam_qm34,488,scoreMid,60292
2024wasam_qm34,488,acquireGround,54392
2024wasam_qm34,488,scoreMidFail,48198
2024wasam_qm34,488,scoreMid,46933
2024wasam_qm34,488,acquireGround,43047
2024wasam_qm34,488,scoreMid,36958
2024wasam_qm34,488,acquireGround,33466
2024wasam_qm34,488,scoreMid,30833
2024wasam_qm34,488,acquireGround,25325
2024wasam_qm34,488,autoEnd,15006
2024wasam_qm34,488,scoreMid,5095
2024wasam_qm34,488,matchStart,0
2024wasam_qm35,9450,matchEnd,150003
2024wasam_qm35,9450,scoreMid,100533
2024wasam_qm35,9450,acquireGround,95703
2024wasam_qm35,9450,scoreMid,56309
2024wasam_qm35,9450,acquireGround,50648
2024wasam_qm35,9450,scoreMid,47141
2024wasam_qm35,9450,acquireStation,44724
2024wasam_qm35,9450,acquireGround,42806
2024wasam_qm35,9450,scoreMid,24667
2024wasam_qm35,9450,acquireGround,23053
2024wasam_qm35,9450,autoEnd,15000
2024wasam_qm35,9450,scoreLow,14446
2024wasam_qm35,9450,matchStart,0
2024wasam_qm36,492,matchEnd,150002
2024wasam_qm36,492,scoreMid,120207
2024wasam_qm36,492,scoreMid,106382
2024wasam_qm36,492,scoreMid,95357
2024wasam_qm36,492,acquireGround,89730
2024wasam_qm36,492,scoreMid,84002
2024wasam_qm36,492,acquireGround,79981
2024wasam_qm36,492,scoreMid,74858
2024wasam_qm36,492,acquireGround,52406
2024wasam_qm36,492,acquireFail,49657
2024wasam_qm36,492,acquireStation,48540
2024wasam_qm36,492,scoreMid,40859
2024wasam_qm36,492,acquireGround,36905
2024wasam_qm36,492,scoreMidFail,25091
2024wasam_qm36,492,autoEnd,15058
2024wasam_qm36,492,acquireGround,7470
2024wasam_qm36,492,scoreMid,3750
2024wasam_qm36,492,matchStart,0
2024wasam_qm46,9023,matchEnd,150001
2024wasam_qm46,9023,scoreMid,126293
2024wasam_qm46,9023,acquireGround,119421
2024wasam_qm46,9023,scoreMid,109877
2024wasam_qm46,9023,acquireGround,104137
2024wasam_qm46,9023,scoreMid,101227
2024wasam_qm46,9023,acquireGround,95513
2024wasam_qm46,9023,scoreMid,88638
2024wasam_qm46,9023,acquireGround,83188
2024wasam_qm46,9023,scoreMid,75391
2024wasam_qm46,9023,acquireGround,69290
2024wasam_qm46,9023,scoreMid,59647
2024wasam_qm46,9023,acquireGround,53158
2024wasam_qm46,9023,scoreMidFail,48990
2024wasam_qm46,9023,acquireGround,44032
2024wasam_qm46,9023,acquireFail,31676
2024wasam_qm46,9023,acquireGround,21730
2024wasam_qm46,9023,scoreMid,14789
2024wasam_qm46,9023,acquireGround,11936
2024wasam_qm46,9023,autoEnd,10198
2024wasam_qm46,9023,scoreMid,5697
2024wasam_qm46,9023,acquireGround,5154
2024wasam_qm46,9023,scoreMid,3817
2024wasam_qm46,9023,matchStart,0
2024wasam_qm47,1595,matchEnd,150001
2024wasam_qm47,1595,scoreMid,139844
2024wasam_qm47,1595,acquireGround,134648
2024wasam_qm47,1595,scoreMid,121758
2024wasam_qm47,1595,scoreMid,105597
2024wasam_qm47,1595,acquireGround,102644
2024wasam_qm47,1595,scoreMid,96056
2024wasam_qm47,1595,acquireGround,92126
2024wasam_qm47,1595,acquireFail,89091
2024wasam_qm47,1595,scoreMid,69529
2024wasam_qm47,1595,acquireGround,66683
2024wasam_qm47,1595,scoreMid,57506
2024wasam_qm47,1595,acquireGround,42740
2024wasam_qm47,1595,scoreMid,29216
2024wasam_qm47,1595,acquireGround,24595
2024wasam_qm47,1595,autoEnd,15000
2024wasam_qm47,1595,scoreMid,3735
2024wasam_qm47,1595,matchStart,0
2024wasam_qm48,9442,matchEnd,150001
2024wasam_qm48,9442,scoreMid,141757
2024wasam_qm48,9442,acquireGround,131485
2024wasam_qm48,9442,scoreMidFail,119922
2024wasam_qm48,9442,acquireGround,102955
2024wasam_qm48,9442,scoreMid,97279
2024wasam_qm48,9442,acquireGround,83232
2024wasam_qm48,9442,scoreMid,50368
2024wasam_qm48,9442,acquireGround,47576
2024wasam_qm48,9442,scoreMid,34956
2024wasam_qm48,9442,acquireGround,33896
2024wasam_qm48,9442,scoreMid,31902
2024wasam_qm48,9442,acquireGround,29882
2024wasam_qm48,9442,scoreMid,20048
2024wasam_qm48,9442,acquireGround,17983
2024wasam_qm48,9442,scoreMid,14346
2024wasam_qm48,9442,autoEnd,9534
2024wasam_qm48,9442,specialAuto,7236
2024wasam_qm48,9442,scoreMid,4886
2024wasam_qm48,9442,acquireGround,3242
2024wasam_qm48,9442,scoreMid,2586
2024wasam_qm48,9442,matchStart,0
2024wasam_qm49,1983,matchEnd,150002
2024wasam_qm49,1983,scoreMid,135194
2024wasam_qm49,1983,acquireGround,128450
2024wasam_qm49,1983,scoreMid,120669
2024wasam_qm49,1983,specialBoost,119928
2024wasam_qm49,1983,acquireGround,106356
2024wasam_qm49,1983,scoreLow,97046
2024wasam_qm49,1983,acquireGround,78297
2024wasam_qm49,1983,scoreMid,71317
2024wasam_qm49,1983,acquireGround,64009
2024wasam_qm49,1983,acquireFail,47419
2024wasam_qm49,1983,scoreMid,17911
2024wasam_qm49,1983,acquireGround,16470
2024wasam_qm49,1983,scoreMid,15844
2024wasam_qm49,1983,autoEnd,15001
2024wasam_qm49,1983,matchStart,0
2024wasam_qm50,2976,matchEnd,150003
2024wasam_qm50,2976,acquireGround,129273
2024wasam_qm50,2976,scoreMid,115108
2024wasam_qm50,2976,acquireGround,111949
2024wasam_qm50,2976,scoreMid,105301
2024wasam_qm50,2976,acquireGround,100382
2024wasam_qm50,2976,scoreMid,92297
2024wasam_qm50,2976,acquireGround,87319
2024wasam_qm50,2976,scoreMidFail,83891
2024wasam_qm50,2976,acquireGround,69612
2024wasam_qm50,2976,scoreMid,65341
2024wasam_qm50,2976,acquireGround,58709
2024wasam_qm50,2976,scoreMid,49802
2024wasam_qm50,2976,acquireGround,42782
2024wasam_qm50,2976,scoreMid,35540
2024wasam_qm50,2976,acquireGround,26552
2024wasam_qm50,2976,scoreMidFail,15048
2024wasam_qm50,2976,autoEnd,15000
2024wasam_qm50,2976,acquireGround,9567
2024wasam_qm50,2976,scoreMid,4569
2024wasam_qm50,2976,matchStart,0
2024wasam_qm51,3574,matchEnd,150003
2024wasam_qm51,3574,scoreMid,142322
2024wasam_qm51,3574,scoreMid,139459
2024wasam_qm51,3574,acquireGround,136821
2024wasam_qm51,3574,acquireGround,121174
2024wasam_qm51,3574,scoreMid,104185
2024wasam_qm51,3574,acquireGround,101159
2024wasam_qm51,3574,scoreMid,84550
2024wasam_qm51,3574,acquireGround,73961
2024wasam_qm51,3574,scoreMid,60357
2024wasam_qm51,3574,acquireGround,48845
2024wasam_qm51,3574,scoreMid,41420
2024wasam_qm51,3574,acquireGround,36849
2024wasam_qm51,3574,scoreMid,26105
2024wasam_qm51,3574,acquireGround,21821
2024wasam_qm51,3574,specialAuto,18510
2024wasam_qm51,3574,autoEnd,15001
2024wasam_qm51,3574,matchStart,0
2024wasam_qm52,4131,matchEnd,150003
2024wasam_qm52,4131,scoreMidFail,141302
2024wasam_qm52,4131,acquireGround,139930
2024wasam_qm52,4131,scoreMidFail,128969
2024wasam_qm52,4131,acquireGround,124333
2024wasam_qm52,4131,scoreMid,117584
2024wasam_qm52,4131,acquireGround,111942
2024wasam_qm52,4131,scoreMidFail,99128
2024wasam_qm52,4131,specialBoost,97378
2024wasam_qm52,4131,scoreMidFail,86676
2024wasam_qm52,4131,acquireGround,80830
2024wasam_qm52,4131,scoreMid,75662
2024wasam_qm52,4131,acquireGround,66979
2024wasam_qm52,4131,scoreMid,56324
2024wasam_qm52,4131,acquireGround,51205
2024wasam_qm52,4131,scoreMid,15573
2024wasam_qm52,4131,autoEnd,15046
2024wasam_qm52,4131,acquireGround,14575
2024wasam_qm52,4131,acquireFail,6145
2024wasam_qm52,4131,scoreMid,1102
2024wasam_qm52,4131,matchStart,0
2024wasam_qm53,1294,matchEnd,150003
2024wasam_qm53,1294,acquireGround,144681
2024wasam_qm53,1294,scoreMid,133686
2024wasam_qm53,1294,acquireGround,127360
2024wasam_qm53,1294,scoreMid,119090
2024wasam_qm53,1294,acquireGround,112839
2024wasam_qm53,1294,scoreMid,98131
2024wasam_qm53,1294,acquireGround,92570
2024wasam_qm53,1294,scoreMid,89110
2024wasam_qm53,1294,acquireGround,77089
2024wasam_qm53,1294,scoreMid,69820
2024wasam_qm53,1294,acquireGround,65084
2024wasam_qm53,1294,scoreMid,54995
2024wasam_qm53,1294,acquireGround,50114
2024wasam_qm53,1294,scoreMid,41192
2024wasam_qm53,1294,acquireGround,38692
2024wasam_qm53,1294,scoreMid,33764
2024wasam_qm53,1294,acquireGround,20374
2024wasam_qm53,1294,autoEnd,15003
2024wasam_qm53,1294,scoreMid,14397
2024wasam_qm53,1294,acquireGround,12605
2024wasam_qm53,1294,scoreMid,9849
2024wasam_qm53,1294,acquireGround,7245
2024wasam_qm53,1294,scoreMid,5133
2024wasam_qm53,1294,matchStart,0
2024wasam_qm54,360,matchEnd,150005
2024wasam_qm54,360,scoreHighFail,144620
2024wasam_qm54,360,acquireGround,127975
2024wasam_qm54,360,scoreMid,115250
2024wasam_qm54,360,acquireGround,112318
2024wasam_qm54,360,scoreMid,109874
2024wasam_qm54,360,acquireGround,95010
2024wasam_qm54,360,scoreMid,87977
2024wasam_qm54,360,acquireGround,82913
2024wasam_qm54,360,scoreMid,71809
2024wasam_qm54,360,acquireGround,66251
2024wasam_qm54,360,acquireGround,64623
2024wasam_qm54,360,scoreMid,55674
2024wasam_qm54,360,acquireGround,49946
2024wasam_qm54,360,scoreMid,39396
2024wasam_qm54,360,acquireGround,33026
2024wasam_qm54,360,scoreMidFail,25260
2024wasam_qm54,360,acquireGround,21194
2024wasam_qm54,360,scoreMid,16691
2024wasam_qm54,360,autoEnd,15001
2024wasam_qm54,360,acquireGround,13718
2024wasam_qm54,360,scoreMid,11597
2024wasam_qm54,360,acquireGround,10974
2024wasam_qm54,360,scoreMid,7767
2024wasam_qm54,360,matchStart,0
2024wasam_qm55,8248,matchEnd,150004
2024wasam_qm55,8248,scoreMidFail,133731
2024wasam_qm55,8248,acquireGround,132910
2024wasam_qm55,8248,scoreMidFail,132099
2024wasam_qm55,8248,acquireGround,130783
2024wasam_qm55,8248,scoreMidFail,112097
2024wasam_qm55,8248,acquireGround,95953
2024wasam_qm55,8248,scoreLowFail,94645
2024wasam_qm55,8248,scoreMidFail,61515
2024wasam_qm55,8248,acquireGround,60795
2024wasam_qm55,8248,scoreMidFail,42691
2024wasam_qm55,8248,acquireGround,39838
2024wasam_qm55,8248,scoreMidFail,25991
2024wasam_qm55,8248,autoEnd,15002
2024wasam_qm55,8248,matchStart,0
2024wasam_qm67,3681,matchEnd,150003
2024wasam_qm67,3681,acquireGround,143500
2024wasam_qm67,3681,scoreLowFail,138630
2024wasam_qm67,3681,acquireGround,110979
2024wasam_qm67,3681,scoreMidFail,103660
2024wasam_qm67,3681,acquireGround,95978
2024wasam_qm67,3681,scoreLow,80099
2024wasam_qm67,3681,acquireGround,79141
2024wasam_qm67,3681,scoreMid,74330
2024wasam_qm67,3681,acquireGround,70155
2024wasam_qm67,3681,specialBoost,69029
2024wasam_qm67,3681,scoreLow,57860
2024wasam_qm67,3681,acquireGround,51559
2024wasam_qm67,3681,scoreLow,48936
2024wasam_qm67,3681,acquireGround,38243
2024wasam_qm67,3681,scoreLow,28480
2024wasam_qm67,3681,acquireGround,22565
2024wasam_qm67,3681,autoEnd,15001
2024wasam_qm67,3681,scoreMidFail,3028
2024wasam_qm67,3681,matchStart,0
2024wasam_qm68,2928,matchEnd,150001
2024wasam_qm68,2928,specialBoost,139020
2024wasam_qm68,2928,scoreMid,135507
2024wasam_qm68,2928,acquireGround,129320
2024wasam_qm68,2928,scoreMid,52213
2024wasam_qm68,2928,acquireGround,45887
2024wasam_qm68,2928,acquireGround,30332
2024wasam_qm68,2928,scoreMid,22673
2024wasam_qm68,2928,acquireGround,21349
2024wasam_qm68,2928,scoreMid,19343
2024wasam_qm68,2928,autoEnd,15104
2024wasam_qm68,2928,acquireGround,10917
2024wasam_qm68,2928,scoreMidFail,7318
2024wasam_qm68,2928,acquireGround,5210
2024wasam_qm68,2928,scoreMid,3441
2024wasam_qm68,2928,matchStart,0
2024wasam_qm14,9036,matchEnd,155023
2024wasam_qm14,9036,scoreLow,134259
2024wasam_qm14,9036,defendedOnEnd,129735
2024wasam_qm14,9036,defendedOnStart,127655
2024wasam_qm14,9036,scoreMid,110489
2024wasam_qm14,9036,acquireGround,109648
2024wasam_qm14,9036,scoreMidFail,103706
2024wasam_qm14,9036,acquireGround,96511
2024wasam_qm14,9036,scoreMid,76469
2024wasam_qm14,9036,acquireGround,73357
2024wasam_qm14,9036,acquireFail,69057
2024wasam_qm14,9036,scoreMid,59562
2024wasam_qm14,9036,scoreMid,54328
2024wasam_qm14,9036,acquireGround,48857
2024wasam_qm14,9036,scoreMidFail,36023
2024wasam_qm14,9036,acquireGround,30953
2024wasam_qm14,9036,autoEnd,18041
2024wasam_qm14,9036,scoreMid,8191
2024wasam_qm14,9036,matchStart,0
2024wasam_qm15,1899,matchEnd,143156
2024wasam_qm15,1899,scoreMid,80545
2024wasam_qm15,1899,acquireGround,73370
2024wasam_qm15,1899,scoreMid,66073
2024wasam_qm15,1899,acquireGround,62854
2024wasam_qm15,1899,acquireFail,54000
2024wasam_qm15,1899,scoreMid,46101
2024wasam_qm15,1899,acquireGround,45462
2024wasam_qm15,1899,scoreMid,30839
2024wasam_qm15,1899,scoreMid,27501
2024wasam_qm15,1899,acquireGround,26774
2024wasam_qm15,1899,acquireGround,26554
2024wasam_qm15,1899,autoEnd,18036
2024wasam_qm15,1899,matchStart,0
2024wasam_qm36,4104,matchEnd,155038
2024wasam_qm36,4104,autoEnd,18035
2024wasam_qm36,4104,scoreMid,4413
2024wasam_qm36,4104,matchStart,0
2024wasam_qm37,2412,matchEnd,155021
2024wasam_qm37,2412,scoreMid,149855
2024wasam_qm37,2412,acquireFail,131703
2024wasam_qm37,2412,acquireGround,131326
2024wasam_qm37,2412,scoreLow,86607
2024wasam_qm37,2412,acquireGround,80458
2024wasam_qm37,2412,scoreLow,65022
2024wasam_qm37,2412,acquireGround,56328
2024wasam_qm37,2412,scoreLow,40142
2024wasam_qm37,2412,acquireGround,35710
2024wasam_qm37,2412,autoEnd,18024
2024wasam_qm37,2412,scoreMidFail,4084
2024wasam_qm37,2412,matchStart,0
2024wasam_qm46,2046,matchEnd,155022
2024wasam_qm46,2046,scoreMid,121684
2024wasam_qm46,2046,acquireGround,119123
2024wasam_qm46,2046,scoreMid,110335
2024wasam_qm46,2046,scoreLow,100999
2024wasam_qm46,2046,scoreMid,77965
2024wasam_qm46,2046,acquireGround,72120
2024wasam_qm46,2046,scoreMid,66127
2024wasam_qm46,2046,scoreLow,56894
2024wasam_qm46,2046,scoreMid,40040
2024wasam_qm46,2046,acquireGround,36794
2024wasam_qm46,2046,scoreMid,29607
2024wasam_qm46,2046,acquireGround,23193
2024wasam_qm46,2046,autoEnd,18023
2024wasam_qm46,2046,scoreMid,11720
2024wasam_qm46,2046,acquireGround,9839
2024wasam_qm46,2046,acquireGround,9043
2024wasam_qm46,2046,scoreMidFail,7461
2024wasam_qm46,2046,scoreMid,3566
2024wasam_qm46,2046,matchStart,0
2024wasam_qm47,4131,matchEnd,155039
2024wasam_qm47,4131,scoreLow,127151
2024wasam_qm47,4131,scoreLowFail,122628
2024wasam_qm47,4131,scoreLowFail,101939
2024wasam_qm47,4131,scoreLowFail,36935
2024wasam_qm47,4131,acquireGround,27796
2024wasam_qm47,4131,autoEnd,18023
2024wasam_qm47,4131,scoreMidFail,4379
2024wasam_qm47,4131,matchStart,0
2024wasam_qm50,4180,matchEnd,155038
2024wasam_qm50,4180,scoreMid,142237
2024wasam_qm50,4180,acquireGround,136710
2024wasam_qm50,4180,scoreMid,126091
2024wasam_qm50,4180,acquireGround,118673
2024wasam_qm50,4180,scoreMid,110877
2024wasam_qm50,4180,acquireGround,102469
2024wasam_qm50,4180,acquireGround,96724
2024wasam_qm50,4180,scoreMid,93760
2024wasam_qm50,4180,acquireGround,88668
2024wasam_qm50,4180,scoreMid,77465
2024wasam_qm50,4180,acquireGround,69555
2024wasam_qm50,4180,scoreMid,59850
2024wasam_qm50,4180,acquireGround,59327
2024wasam_qm50,4180,scoreMid,26644
2024wasam_qm50,4180,autoEnd,18023
2024wasam_qm50,4180,scoreMid,5269
2024wasam_qm50,4180,matchStart,0
2024wasam_qm52,4980,matchEnd,155037
2024wasam_qm52,4980,acquireGround,127313
2024wasam_qm52,4980,scoreLow,113367
2024wasam_qm52,4980,acquireGround,104591
2024wasam_qm52,4980,scoreLowFail,87021
2024wasam_qm52,4980,acquireGround,75705
2024wasam_qm52,4980,scoreMid,65542
2024wasam_qm52,4980,acquireGround,58496
2024wasam_qm52,4980,acquireGround,55490
2024wasam_qm52,4980,acquireGround,53092
2024wasam_qm52,4980,scoreLow,51465
2024wasam_qm52,4980,acquireGround,27346
2024wasam_qm52,4980,autoEnd,18038
2024wasam_qm52,4980,scoreMidFail,4414
2024wasam_qm52,4980,matchStart,0
2024wasam_qm53,949,matchEnd,155039
2024wasam_qm53,949,acquireGround,53529
2024wasam_qm53,949,autoEnd,18024
2024wasam_qm53,949,matchStart,0
2024wasam_qm56,3681,matchEnd,155023
2024wasam_qm56,3681,scoreMid,138274
2024wasam_qm56,3681,acquireGround,137698
2024wasam_qm56,3681,scoreMid,130275
2024wasam_qm56,3681,acquireGround,117476
2024wasam_qm56,3681,acquireFail,112161
2024wasam_qm56,3681,scoreLow,96103
2024wasam_qm56,3681,scoreLow,83339
2024wasam_qm56,3681,acquireGround,82891
2024wasam_qm56,3681,acquireGround,69740
2024wasam_qm56,3681,scoreLow,58203
2024wasam_qm56,3681,acquireGround,48163
2024wasam_qm56,3681,scoreLow,38415
2024wasam_qm56,3681,acquireGround,37838
2024wasam_qm56,3681,scoreLow,28230
2024wasam_qm56,3681,acquireGround,27050
2024wasam_qm56,3681,autoEnd,18035
2024wasam_qm56,3681,scoreMid,3583
2024wasam_qm56,3681,matchStart,0
2024wasam_qm57,6076,matchEnd,155002
2024wasam_qm57,6076,scoreLow,133664
2024wasam_qm57,6076,acquireGround,132939
2024wasam_qm57,6076,acquireGround,132532
2024wasam_qm57,6076,acquireGround,50787
2024wasam_qm57,6076,scoreLow,49837
2024wasam_qm57,6076,scoreLowFail,35593
2024wasam_qm57,6076,scoreLowFail,29223
2024wasam_qm57,6076,acquireGround,27421
2024wasam_qm57,6076,autoEnd,18023
2024wasam_qm57,6076,matchStart,0
2024wasam_qm58,1595,matchEnd,155023
2024wasam_qm58,1595,scoreMid,130502
2024wasam_qm58,1595,acquireGround,124206
2024wasam_qm58,1595,scoreMid,115477
2024wasam_qm58,1595,scoreMid,99221
2024wasam_qm58,1595,acquireGround,80736
2024wasam_qm58,1595,scoreMid,79807
2024wasam_qm58,1595,scoreMid,64234
2024wasam_qm58,1595,acquireGround,63835
2024wasam_qm58,1595,scoreMidFail,58684
2024wasam_qm58,1595,acquireGround,53706
2024wasam_qm58,1595,scoreMid,44700
2024wasam_qm58,1595,acquireGround,37822
2024wasam_qm58,1595,scoreMid,28574
2024wasam_qm58,1595,acquireGround,28165
2024wasam_qm58,1595,autoEnd,18045
2024wasam_qm58,1595,scoreMid,2386
2024wasam_qm58,1595,matchStart,0
2024wasam_qm62,492,matchEnd,155040
2024wasam_qm62,492,scoreMid,142628
2024wasam_qm62,492,scoreLow,137332
2024wasam_qm62,492,scoreLowFail,125090
2024wasam_qm62,492,acquireGround,124474
2024wasam_qm62,492,scoreLow,107170
2024wasam_qm62,492,acquireGround,106357
2024wasam_qm62,492,scoreLow,89214
2024wasam_qm62,492,acquireGround,88642
2024wasam_qm62,492,scoreMid,73548
2024wasam_qm62,492,acquireGround,72457
2024wasam_qm62,492,scoreMidFail,67899
2024wasam_qm62,492,acquireGround,67258
2024wasam_qm62,492,scoreMid,52529
2024wasam_qm62,492,acquireGround,51927
2024wasam_qm62,492,scoreMid,42811
2024wasam_qm62,492,acquireGround,41801
2024wasam_qm62,492,scoreMid,28423
2024wasam_qm62,492,acquireGround,27888
2024wasam_qm62,492,autoEnd,18001
2024wasam_qm62,492,acquireGround,16689
2024wasam_qm62,492,scoreMidFail,11382
2024wasam_qm62,492,scoreMid,3258
2024wasam_qm62,492,matchStart,0
2024wasam_qm63,1318,matchEnd,155017
2024wasam_qm63,1318,scoreMid,149169
2024wasam_qm63,1318,acquireGround,148815
2024wasam_qm63,1318,scoreMid,126511
2024wasam_qm63,1318,acquireGround,126205
2024wasam_qm63,1318,scoreMid,119002
2024wasam_qm63,1318,defendedOnStart,110197
2024wasam_qm63,1318,scoreMid,106969
2024wasam_qm63,1318,acquireGround,106539
2024wasam_qm63,1318,scoreMidFail,89053
2024wasam_qm63,1318,acquireGround,88004
2024wasam_qm63,1318,scoreMidFail,70528
2024wasam_qm63,1318,scoreMid,55859
2024wasam_qm63,1318,acquireGround,45783
2024wasam_qm63,1318,scoreMid,37052
2024wasam_qm63,1318,acquireGround,31415
2024wasam_qm63,1318,scoreMid,26016
2024wasam_qm63,1318,acquireGround,23155
2024wasam_qm63,1318,autoEnd,18001
2024wasam_qm63,1318,scoreMid,17599
2024wasam_qm63,1318,acquireGround,17012
2024wasam_qm63,1318,scoreMid,13554
2024wasam_qm63,1318,acquireGround,13163
2024wasam_qm63,1318,scoreMid,8944
2024wasam_qm63,1318,acquireGround,8412
2024wasam_qm63,1318,scoreMid,6457
2024wasam_qm63,1318,matchStart,0
2024wasam_qm64,4131,matchEnd,155002
2024wasam_qm64,4131,scoreMid,52667
2024wasam_qm64,4131,acquireGround,51885
2024wasam_qm64,4131,scoreMid,39367
2024wasam_qm64,4131,acquireGround,39114
2024wasam_qm64,4131,scoreMid,32614
2024wasam_qm64,4131,acquireGround,31548
2024wasam_qm64,4131,autoEnd,18023
2024wasam_qm64,4131,scoreMid,1237
2024wasam_qm64,4131,matchStart,0
2024wasam_qm65,6076,matchEnd,155023
2024wasam_qm65,6076,scoreMid,26838
2024wasam_qm65,6076,autoEnd,18038
2024wasam_qm65,6076,matchStart,0
2024wasam_qm66,488,matchEnd,155027
2024wasam_qm66,488,scoreMid,134967
2024wasam_qm66,488,acquireGround,134530
2024wasam_qm66,488,scoreMid,117359
2024wasam_qm66,488,acquireGround,116883
2024wasam_qm66,488,scoreLow,105425
2024wasam_qm66,488,acquireGround,97894
2024wasam_qm66,488,scoreLow,76198
2024wasam_qm66,488,acquireGround,67430
2024wasam_qm66,488,scoreMid,61496
2024wasam_qm66,488,acquireGround,60742
2024wasam_qm66,488,scoreMidFail,53236
2024wasam_qm66,488,acquireGround,45858
2024wasam_qm66,488,scoreLow,41130
2024wasam_qm66,488,acquireGround,40233
2024wasam_qm66,488,scoreMid,29932
2024wasam_qm66,488,autoEnd,18023
2024wasam_qm66,488,matchStart,0
2024wasam_qm67,949,matchEnd,155023
2024wasam_qm67,949,scoreLow,70140
2024wasam_qm67,949,acquireGround,68438
2024wasam_qm67,949,scoreMidFail,30818
2024wasam_qm67,949,autoEnd,18003
2024wasam_qm67,949,acquireGround,15805
2024wasam_qm67,949,specialAuto,1585
2024wasam_qm67,949,matchStart,0
2024wasam_qm68,9442,matchEnd,155010
2024wasam_qm68,9442,scoreMid,137164
2024wasam_qm68,9442,acquireGround,130465
2024wasam_qm68,9442,scoreLow,123330
2024wasam_qm68,9442,acquireGround,121438
2024wasam_qm68,9442,defendedOnStart,108092
2024wasam_qm68,9442,scoreMid,76230
2024wasam_qm68,9442,acquireGround,72135
2024wasam_qm68,9442,scoreLow,58578
2024wasam_qm68,9442,acquireGround,48030
2024wasam_qm68,9442,scoreLow,34960
2024wasam_qm68,9442,acquireGround,28610
2024wasam_qm68,9442,autoEnd,18021
2024wasam_qm68,9442,acquireGround,15617
2024wasam_qm68,9442,acquireGround,15273
2024wasam_qm68,9442,scoreMid,14512
2024wasam_qm68,9442,scoreMid,14171
2024wasam_qm68,9442,scoreMid,13885
2024wasam_qm68,9442,matchStart,0
