[
  {
    "matchId": "2024wasam_qm3",
    "teamNumber": 1595,
    "allianceColor": 0,
    "humanPlayerLocation": 0,
    "preload": false,
    "climb": 1,
    "defense": 1,
    "humanPlayerPerformance": 0,
    "matchResult": 2,
    "notes": "Played well, seemed quite competent at scoring in the speaker from long distances.",
    "scoutName": "Nico",
    "matchStart": 1711218781960,
    "submitTime": 1711219016896
  },
  {
    "matchId": "2024wasam_qm4",
    "teamNumber": 4980,
    "allianceColor": 1,
    "humanPlayerLocation": 0,
    "preload": false,
    "climb": 2,
    "defense": 3,
    "humanPlayerPerformance": 1,
    "matchResult": 0,
    "notes": "Played well, good at scoring amp and can climb well.",
    "scoutName": "Nico",
    "matchStart": 1711219230367,
    "submitTime": 1711219434836
  },
  {
    "matchId": "2024wasam_qm1",
    "teamNumber": 3070,
    "allianceColor": 1,
    "humanPlayerLocation": 0,
    "preload": true,
    "climb": 2,
    "defense": 3,
    "humanPlayerPerformance": 0,
    "matchResult": 0,
    "notes": "",
    "scoutName": "Andrew Shan ",
    "matchStart": 1711217723430,
    "submitTime": 1711217956154
  },
  {
    "matchId": "2024wasam_qm2",
    "teamNumber": 360,
    "allianceColor": 0,
    "humanPlayerLocation": 0,
    "preload": true,
    "climb": 2,
    "defense": 3,
    "humanPlayerPerformance": 0,
    "matchResult": 2,
    "notes": "",
    "scoutName": "Andrew Shan ",
    "matchStart": 1711218356644,
    "submitTime": 1711218604636
  },
  {
    "matchId": "2024wasam_qm3",
    "teamNumber": 4180,
    "allianceColor": 1,
    "humanPlayerLocation": 0,
    "preload": true,
    "climb": 0,
    "defense": 3,
    "humanPlayerPerformance": 0,
    "matchResult": 0,
    "notes": "",
    "scoutName": "Andrew Shan ",
    "matchStart": 1711218777429,
    "submitTime": 1711219030529
  },
  {
    "matchId": "2024wasam_qm4",
    "teamNumber": 5827,
    "allianceColor": 0,
    "humanPlayerLocation": 0,
    "preload": true,
    "climb": 2,
    "defense": 3,
    "humanPlayerPerformance": 0,
    "matchResult": 2,
    "notes": "",
    "scoutName": "Andrew Shan ",
    "matchStart": 1711219225898,
    "submitTime": 1711219476201
  },
  {
    "matchId": "2024wasam_qm5",
    "teamNumber": 1899,
    "allianceColor": 1,
    "humanPlayerLocation": 0,
    "preload": true,
    "climb": 0,
    "defense": 3,
    "humanPlayerPerformance": 0,
    "matchResult": 2,
    "notes": "",
    "scoutName": "Andrew Shan ",
    "matchStart": 1711219995541,
    "submitTime": 1711220176791
  },
  {
    "matchId": "2024wasam_qm1",
    "teamNumber": 3681,
    "allianceColor": 0,
    "humanPlayerLocation": 0,
    "preload": true,
    "climb": 2,
    "defense": 3,
    "humanPlayerPerformance": 0,
    "matchResult": 2,
    "notes": "Struggled for a long time to pick up a note from the ground at source",
    "scoutName": "Luca",
    "matchStart": 1711217726132,
    "submitTime": 1711217925642
  },
  {
    "matchId": "2024wasam_qm2",
    "teamNumber": 2976,
    "allianceColor": 1,
    "humanPlayerLocation": 0,
    "preload": false,
    "climb": 1,
    "defense": 4,
    "humanPlayerPerformance": 0,
    "matchResult": 0,
    "notes": "last couple of notes fired very weakly and just bounced off wall. Seems to like defeding but also was blocking teamates for a bit?",
    "scoutName": "Luca",
    "matchStart": 1711218356052,
    "submitTime": 1711218578855
  },
  {
    "matchId": "2024wasam_qm3",
    "teamNumber": 1318,
    "allianceColor": 0,
    "humanPlayerLocation": 0,
    "preload": false,
    "climb": 2,
    "defense": 3,
    "humanPlayerPerformance": 0,
    "matchResult": 2,
    "notes": "The two amp misses were a mistake. all source pickups were picked up from ground in front of source. last note was barely fired/extremely weak",
    "scoutName": "Luca",
    "matchStart": 1711218779626,
    "submitTime": 1711219025209
  },
  {
    "matchId": "2024wasam_qm4",
    "teamNumber": 8248,
    "allianceColor": 1,
    "humanPlayerLocation": 0,
    "preload": false,
    "climb": 0,
    "defense": 3,
    "humanPlayerPerformance": 1,
    "matchResult": 0,
    "notes": "all source pickups are ground pickups",
    "scoutName": "Luca",
    "matchStart": 1711219226149,
    "submitTime": 1711219465585
  },
  {
    "matchId": "2024wasam_qm5",
    "teamNumber": 4173,
    "allianceColor": 0,
    "humanPlayerLocation": 0,
    "preload": true,
    "climb": 1,
    "defense": 3,
    "humanPlayerPerformance": 0,
    "matchResult": 0,
    "notes": "started to climb with note but fell to the ground. only missed in auto",
    "scoutName": "Luca",
    "matchStart": 1711219995630,
    "submitTime": 1711220212595
  },
  {
    "matchId": "2024wasam_qm1",
    "teamNumber": 3574,
    "allianceColor": 1,
    "humanPlayerLocation": 0,
    "preload": true,
    "climb": 0,
    "defense": 1,
    "humanPlayerPerformance": 0,
    "matchResult": 0,
    "notes": "Their robot was not on the field.",
    "scoutName": "Lukas Hlavac",
    "matchStart": 1711217728693,
    "submitTime": 1711217978222
  },
  {
    "matchId": "2024wasam_qm4",
    "teamNumber": 4104,
    "allianceColor": 0,
    "humanPlayerLocation": 0,
    "preload": false,
    "climb": 1,
    "defense": 1,
    "humanPlayerPerformance": 0,
    "matchResult": 2,
    "notes": "Something broke on the robot",
    "scoutName": "Lukas Hlavac",
    "matchStart": 1711219237895,
    "submitTime": 1711219497447
  },
  {
    "matchId": "2024wasam_qm5",
    "teamNumber": 949,
    "allianceColor": 1,
    "humanPlayerLocation": 0,
    "preload": false,
    "climb": 0,
    "defense": 2,
    "humanPlayerPerformance": 0,
    "matchResult": 2,
    "notes": "Trap miss looked like it was an unintentional input.",
    "scoutName": "Lukas Hlavac",
    "matchStart": 1711219997068,
    "submitTime": 1711220277380
  },
  {
    "matchId": "2024wasam_qm1",
    "teamNumber": 9442,
    "allianceColor": 0,
    "humanPlayerLocation": 1,
    "preload": false,
    "climb": 0,
    "defense": 3,
    "humanPlayerPerformance": 0,
    "matchResult": 2,
    "notes": "",
    "scoutName": "Jake chitlik ",
    "matchStart": 1711217723906,
    "submitTime": 1711217919043
  },
  {
    "matchId": "2024wasam_qm2",
    "teamNumber": 8051,
    "allianceColor": 1,
    "humanPlayerLocation": 1,
    "preload": true,
    "climb": 0,
    "defense": 3,
    "humanPlayerPerformance": 0,
    "matchResult": 0,
    "notes": "",
    "scoutName": "Jake chitlik ",
    "matchStart": 1711218358354,
    "submitTime": 1711218545465
  },
  {
    "matchId": "2024wasam_qm3",
    "teamNumber": 9023,
    "allianceColor": 0,
    "humanPlayerLocation": 0,
    "preload": true,
    "climb": 0,
    "defense": 3,
    "humanPlayerPerformance": 0,
    "matchResult": 2,
    "notes": "Touch and own was not so good",
    "scoutName": "Jake chitlik ",
    "matchStart": 1711218783525,
    "submitTime": 1711219031054
  },
  {
    "matchId": "2024wasam_qm4",
    "teamNumber": 7461,
    "allianceColor": 1,
    "humanPlayerLocation": 0,
    "preload": true,
    "climb": 0,
    "defense": 3,
    "humanPlayerPerformance": 0,
    "matchResult": 0,
    "notes": "Ignore this, i was watching our robot",
    "scoutName": "Jake chitlik ",
    "matchStart": 1711219509963,
    "submitTime": 1711219515603
  },
  {
    "matchId": "2024wasam_qm5",
    "teamNumber": 2928,
    "allianceColor": 0,
    "humanPlayerLocation": 2,
    "preload": true,
    "climb": 0,
    "defense": 3,
    "humanPlayerPerformance": 0,
    "matchResult": 0,
    "notes": "I got distracted ",
    "scoutName": "Jake chitlik ",
    "matchStart": 1711220022595,
    "submitTime": 1711220165554
  },
  {
    "matchId": "2024wasam_qm7",
    "teamNumber": 3574,
    "allianceColor": 1,
    "humanPlayerLocation": 0,
    "preload": true,
    "climb": 0,
    "defense": 3,
    "humanPlayerPerformance": 0,
    "matchResult": 0,
    "notes": "In the middle it was spinning in one place",
    "scoutName": "Tessabell ",
    "matchStart": 1711220854770,
    "submitTime": 1711221060616
  },
  {
    "matchId": "2024wasam_qm8",
    "teamNumber": 949,
    "allianceColor": 0,
    "humanPlayerLocation": 2,
    "preload": false,
    "climb": 0,
    "defense": 3,
    "humanPlayerPerformance": 0,
    "matchResult": 0,
    "notes": "Got a node stuck in their robot and saw defending ",
    "scoutName": "Tessabell ",
    "matchStart": 1711221306796,
    "submitTime": 1711221528555
  },
  {
    "matchId": "2024wasam_qm9",
    "teamNumber": 2976,
    "allianceColor": 1,
    "humanPlayerLocation": 0,
    "preload": true,
    "climb": 0,
    "defense": 3,
    "humanPlayerPerformance": 1,
    "matchResult": 0,
    "notes": "They were just in one place for like the last half ",
    "scoutName": "Tessabell ",
    "matchStart": 1711221743853,
    "submitTime": 1711221939018
  },
  {
    "matchId": "2024wasam_qm10",
    "teamNumber": 7461,
    "allianceColor": 0,
    "humanPlayerLocation": 0,
    "preload": true,
    "climb": 1,
    "defense": 3,
    "humanPlayerPerformance": 0,
    "matchResult": 0,
    "notes": "",
    "scoutName": "Tessabell ",
    "matchStart": 1711222206577,
    "submitTime": 1711222428152
  },
  {
    "matchId": "2024wasam_qm11",
    "teamNumber": 4180,
    "allianceColor": 0,
    "humanPlayerLocation": 0,
    "preload": true,
    "climb": 2,
    "defense": 1,
    "humanPlayerPerformance": 0,
    "matchResult": 0,
    "notes": "",
    "scoutName": "Owen W",
    "matchStart": 1711222731914,
    "submitTime": 1711222932314
  },
  {
    "matchId": "2024wasam_qm7",
    "teamNumber": 3681,
    "allianceColor": 1,
    "humanPlayerLocation": 0,
    "preload": false,
    "climb": 1,
    "defense": 3,
    "humanPlayerPerformance": 0,
    "matchResult": 0,
    "notes": "",
    "scoutName": "Takeshi",
    "matchStart": 1711220853579,
    "submitTime": 1711221046272
  },
  {
    "matchId": "2024wasam_qm8",
    "teamNumber": 2412,
    "allianceColor": 0,
    "humanPlayerLocation": 0,
    "preload": false,
    "climb": 1,
    "defense": 2,
    "humanPlayerPerformance": 0,
    "matchResult": 0,
    "notes": "",
    "scoutName": "Takeshi",
    "matchStart": 1711221305779,
    "submitTime": 1711221508255
  },
  {
    "matchId": "2024wasam_qm9",
    "teamNumber": 6076,
    "allianceColor": 1,
    "humanPlayerLocation": 0,
    "preload": false,
    "climb": 0,
    "defense": 2,
    "humanPlayerPerformance": 0,
    "matchResult": 0,
    "notes": "",
    "scoutName": "Takeshi",
    "matchStart": 1711221744538,
    "submitTime": 1711221940136
  },
  {
    "matchId": "2024wasam_qm10",
    "teamNumber": 8051,
    "allianceColor": 0,
    "humanPlayerLocation": 0,
    "preload": false,
    "climb": 2,
    "defense": 3,
    "humanPlayerPerformance": 0,
    "matchResult": 0,
    "notes": "",
    "scoutName": "Takeshi",
    "matchStart": 1711222206416,
    "submitTime": 1711222425179
  },
  {
    "matchId": "2024wasam_qm12",
    "teamNumber": 2412,
    "allianceColor": 1,
    "humanPlayerLocation": 1,
    "preload": true,
    "climb": 0,
    "defense": 3,
    "humanPlayerPerformance": 0,
    "matchResult": 0,
    "notes": "",
    "scoutName": "Zan Korman",
    "matchStart": 1711223211434,
    "submitTime": 1711223395309
  },
  {
    "matchId": "2024wasam_qm13",
    "teamNumber": 7461,
    "allianceColor": 0,
    "humanPlayerLocation": 1,
    "preload": true,
    "climb": 0,
    "defense": 4,
    "humanPlayerPerformance": 1,
    "matchResult": 0,
    "notes": "",
    "scoutName": "Zan Korman",
    "matchStart": 1711223652488,
    "submitTime": 1711223852308
  },
  {
    "matchId": "2024wasam_qm13",
    "teamNumber": 6076,
    "allianceColor": 0,
    "humanPlayerLocation": 0,
    "preload": false,
    "climb": 1,
    "defense": 1,
    "humanPlayerPerformance": 0,
    "matchResult": 0,
    "notes": "Did basically nothing. They scored a single note that was preloaded, I think their intake was broken. They stayed mostly motionless and didn't attempt any defense, and then failed to climb at the end.",
    "scoutName": "Nico",
    "matchStart": 1711223652558,
    "submitTime": 1711223887001
  },
  {
    "matchId": "2024wasam_qm12",
    "teamNumber": 8248,
    "allianceColor": 1,
    "humanPlayerLocation": 2,
    "preload": true,
    "climb": 1,
    "defense": 3,
    "humanPlayerPerformance": 0,
    "matchResult": 0,
    "notes": "",
    "scoutName": "Owen W",
    "matchStart": 1711223216224,
    "submitTime": 1711223408844
  },
  {
    "matchId": "2024wasam_qm13",
    "teamNumber": 1318,
    "allianceColor": 0,
    "humanPlayerLocation": 0,
    "preload": true,
    "climb": 2,
    "defense": 3,
    "humanPlayerPerformance": 1,
    "matchResult": 0,
    "notes": "",
    "scoutName": "Owen W",
    "matchStart": 1711223655298,
    "submitTime": 1711223884300
  },
  {
    "matchId": "2024wasam_qm12",
    "teamNumber": 2976,
    "allianceColor": 0,
    "humanPlayerLocation": 0,
    "preload": false,
    "climb": 0,
    "defense": 1,
    "humanPlayerPerformance": 0,
    "matchResult": 2,
    "notes": "Robot never started",
    "scoutName": "Lukas Hlavac",
    "matchStart": 1711223217444,
    "submitTime": 1711223411234
  },
  {
    "matchId": "2024wasam_qm11",
    "teamNumber": 9036,
    "allianceColor": 1,
    "humanPlayerLocation": 0,
    "preload": true,
    "climb": 2,
    "defense": 3,
    "humanPlayerPerformance": 0,
    "matchResult": 2,
    "notes": "I missed like half the match sorry",
    "scoutName": "Tessabell ",
    "matchStart": 1711222729851,
    "submitTime": 1711222920754
  },
  {
    "matchId": "2024wasam_qm12",
    "teamNumber": 5588,
    "allianceColor": 0,
    "humanPlayerLocation": 0,
    "preload": true,
    "climb": 2,
    "defense": 3,
    "humanPlayerPerformance": 0,
    "matchResult": 2,
    "notes": "",
    "scoutName": "Tessabell ",
    "matchStart": 1711223212178,
    "submitTime": 1711223399080
  },
  {
    "matchId": "2024wasam_qm13",
    "teamNumber": 488,
    "allianceColor": 1,
    "humanPlayerLocation": 0,
    "preload": false,
    "climb": 1,
    "defense": 4,
    "humanPlayerPerformance": 0,
    "matchResult": 2,
    "notes": "Defending other teams in front of amp",
    "scoutName": "Tessabell ",
    "matchStart": 1711223651128,
    "submitTime": 1711223856941
  },
  {
    "matchId": "2024wasam_qm56",
    "teamNumber": 492,
    "allianceColor": 1,
    "humanPlayerLocation": 1,
    "preload": false,
    "climb": 2,
    "defense": 3,
    "humanPlayerPerformance": 0,
    "matchResult": 2,
    "notes": "",
    "scoutName": "carter",
    "matchStart": 1711296786722,
    "submitTime": 1711296983086
  },
  {
    "matchId": "2024wasam_qm57",
    "teamNumber": 5827,
    "allianceColor": 0,
    "humanPlayerLocation": 0,
    "preload": false,
    "climb": 0,
    "defense": 3,
    "humanPlayerPerformance": 0,
    "matchResult": 2,
    "notes": "",
    "scoutName": "carter",
    "matchStart": 1711297170227,
    "submitTime": 1711297381081
  },
  {
    "matchId": "2024wasam_qm58",
    "teamNumber": 360,
    "allianceColor": 1,
    "humanPlayerLocation": 0,
    "preload": true,
    "climb": 2,
    "defense": 3,
    "humanPlayerPerformance": 0,
    "matchResult": 0,
    "notes": "",
    "scoutName": "carter",
    "matchStart": 1711297614834,
    "submitTime": 1711297822498
  },
  {
    "matchId": "2024wasam_qm59",
    "teamNumber": 4131,
    "allianceColor": 0,
    "humanPlayerLocation": 0,
    "preload": false,
    "climb": 0,
    "defense": 3,
    "humanPlayerPerformance": 0,
    "matchResult": 0,
    "notes": "",
    "scoutName": "carter",
    "matchStart": 1711298075266,
    "submitTime": 1711298263896
  },
  {
    "matchId": "2024wasam_qm60",
    "teamNumber": 3574,
    "allianceColor": 1,
    "humanPlayerLocation": 0,
    "preload": true,
    "climb": 1,
    "defense": 3,
    "humanPlayerPerformance": 0,
    "matchResult": 2,
    "notes": "",
    "scoutName": "carter",
    "matchStart": 1711298517373,
    "submitTime": 1711298718507
  },
  {
    "matchId": "2024wasam_qm61",
    "teamNumber": 488,
    "allianceColor": 0,
    "humanPlayerLocation": 0,
    "preload": true,
    "climb": 0,
    "defense": 3,
    "humanPlayerPerformance": 0,
    "matchResult": 0,
    "notes": "",
    "scoutName": "carter",
    "matchStart": 1711298974574,
    "submitTime": 1711299208495
  },
  {
    "matchId": "2024wasam_qm29",
    "teamNumber": 4180,
    "allianceColor": 0,
    "humanPlayerLocation": 0,
    "preload": false,
    "climb": 2,
    "defense": 1,
    "humanPlayerPerformance": 0,
    "matchResult": 2,
    "notes": "",
    "scoutName": "Owen W",
    "matchStart": 1711234825382,
    "submitTime": 1711235013063
  },
  {
    "matchId": "2024wasam_qm30",
    "teamNumber": 2976,
    "allianceColor": 0,
    "humanPlayerLocation": 2,
    "preload": true,
    "climb": 0,
    "defense": 3,
    "humanPlayerPerformance": 1,
    "matchResult": 2,
    "notes": "Their miss ratio was quite large, and they were hesitant to speed across the field ",
    "scoutName": "Devin",
    "matchStart": 1711235203890,
    "submitTime": 1711235431248
  },
  {
    "matchId": "2024wasam_qm31",
    "teamNumber": 1318,
    "allianceColor": 1,
    "humanPlayerLocation": 0,
    "preload": true,
    "climb": 0,
    "defense": 3,
    "humanPlayerPerformance": 0,
    "matchResult": 2,
    "notes": "Very close to being parked, iffy if they really scored",
    "scoutName": "Devin",
    "matchStart": 1711235693654,
    "submitTime": 1711235927056
  },
  {
    "matchId": "2024wasam_qm32",
    "teamNumber": 4918,
    "allianceColor": 0,
    "humanPlayerLocation": 1,
    "preload": true,
    "climb": 2,
    "defense": 3,
    "humanPlayerPerformance": 0,
    "matchResult": 0,
    "notes": "Their full speed was weak, and the strength of the shooter took a little bit too long to shoot.",
    "scoutName": "Devin",
    "matchStart": 1711236134159,
    "submitTime": 1711236409034
  },
  {
    "matchId": "2024wasam_qm31",
    "teamNumber": 3070,
    "allianceColor": 0,
    "humanPlayerLocation": 0,
    "preload": true,
    "climb": 2,
    "defense": 5,
    "humanPlayerPerformance": 0,
    "matchResult": 0,
    "notes": "Note got seemingly jammed part way through, played defense rest of match",
    "scoutName": "Luca",
    "matchStart": 1711235695067,
    "submitTime": 1711235901328
  },
  {
    "matchId": "2024wasam_qm32",
    "teamNumber": 4131,
    "allianceColor": 1,
    "humanPlayerLocation": 0,
    "preload": true,
    "climb": 2,
    "defense": 3,
    "humanPlayerPerformance": 0,
    "matchResult": 2,
    "notes": "",
    "scoutName": "Luca",
    "matchStart": 1711236135309,
    "submitTime": 1711236331219
  },
  {
    "matchId": "2024wasam_qm33",
    "teamNumber": 1595,
    "allianceColor": 0,
    "humanPlayerLocation": 0,
    "preload": false,
    "climb": 2,
    "defense": 3,
    "humanPlayerPerformance": 0,
    "matchResult": 2,
    "notes": "",
    "scoutName": "Luca",
    "matchStart": 1711236553861,
    "submitTime": 1711236744313
  },
  {
    "matchId": "2024wasam_qm28",
    "teamNumber": 2928,
    "allianceColor": 1,
    "humanPlayerLocation": 0,
    "preload": true,
    "climb": 2,
    "defense": 3,
    "humanPlayerPerformance": 1,
    "matchResult": 0,
    "notes": "",
    "scoutName": "Andrew Shan ",
    "matchStart": 1711234376875,
    "submitTime": 1711234585382
  },
  {
    "matchId": "2024wasam_qm29",
    "teamNumber": 492,
    "allianceColor": 0,
    "humanPlayerLocation": 2,
    "preload": true,
    "climb": 0,
    "defense": 3,
    "humanPlayerPerformance": 0,
    "matchResult": 0,
    "notes": "",
    "scoutName": "Andrew Shan ",
    "matchStart": 1711234794609,
    "submitTime": 1711235005426
  },
  {
    "matchId": "2024wasam_qm30",
    "teamNumber": 6076,
    "allianceColor": 1,
    "humanPlayerLocation": 0,
    "preload": false,
    "climb": 2,
    "defense": 3,
    "humanPlayerPerformance": 2,
    "matchResult": 0,
    "notes": "",
    "scoutName": "Andrew Shan ",
    "matchStart": 1711235203832,
    "submitTime": 1711235441862
  },
  {
    "matchId": "2024wasam_qm31",
    "teamNumber": 4173,
    "allianceColor": 0,
    "humanPlayerLocation": 0,
    "preload": true,
    "climb": 0,
    "defense": 3,
    "humanPlayerPerformance": 0,
    "matchResult": 0,
    "notes": "",
    "scoutName": "Andrew Shan ",
    "matchStart": 1711235694331,
    "submitTime": 1711235892875
  },
  {
    "matchId": "2024wasam_qm28",
    "teamNumber": 4131,
    "allianceColor": 0,
    "humanPlayerLocation": 0,
    "preload": true,
    "climb": 2,
    "defense": 3,
    "humanPlayerPerformance": 1,
    "matchResult": 2,
    "notes": "Auto didn’t work very well, went o pick up note, didn’t, then stopped and wheels spun in place",
    "scoutName": "Ben",
    "matchStart": 1711234378175,
    "submitTime": 1711234592263
  },
  {
    "matchId": "2024wasam_qm29",
    "teamNumber": 9442,
    "allianceColor": 1,
    "humanPlayerLocation": 0,
    "preload": false,
    "climb": 1,
    "defense": 3,
    "humanPlayerPerformance": 0,
    "matchResult": 0,
    "notes": "Had a few small issues with vision and aiming",
    "scoutName": "Ben",
    "matchStart": 1711234795763,
    "submitTime": 1711235044922
  },
  {
    "matchId": "2024wasam_qm30",
    "teamNumber": 2412,
    "allianceColor": 0,
    "humanPlayerLocation": 0,
    "preload": true,
    "climb": 0,
    "defense": 3,
    "humanPlayerPerformance": 1,
    "matchResult": 2,
    "notes": "",
    "scoutName": "Ben",
    "matchStart": 1711235204628,
    "submitTime": 1711235441452
  },
  {
    "matchId": "2024wasam_qm31",
    "teamNumber": 4104,
    "allianceColor": 1,
    "humanPlayerLocation": 0,
    "preload": true,
    "climb": 0,
    "defense": 3,
    "humanPlayerPerformance": 0,
    "matchResult": 2,
    "notes": "Played defense whole match",
    "scoutName": "Ben",
    "matchStart": 1711235695628,
    "submitTime": 1711235937661
  },
  {
    "matchId": "2024wasam_qm32",
    "teamNumber": 3268,
    "allianceColor": 0,
    "humanPlayerLocation": 0,
    "preload": true,
    "climb": 2,
    "defense": 3,
    "humanPlayerPerformance": 0,
    "matchResult": 0,
    "notes": "Got note stuck in robot",
    "scoutName": "Ben",
    "matchStart": 1711236136071,
    "submitTime": 1711236317092
  },
  {
    "matchId": "2024wasam_qm33",
    "teamNumber": 1983,
    "allianceColor": 1,
    "humanPlayerLocation": 2,
    "preload": true,
    "climb": 2,
    "defense": 3,
    "humanPlayerPerformance": 0,
    "matchResult": 0,
    "notes": "Passed notes across field",
    "scoutName": "Ben",
    "matchStart": 1711236554891,
    "submitTime": 1711236752980
  },
  {
    "matchId": "2024wasam_qm34",
    "teamNumber": 9023,
    "allianceColor": 0,
    "humanPlayerLocation": 0,
    "preload": true,
    "climb": 1,
    "defense": 3,
    "humanPlayerPerformance": 0,
    "matchResult": 0,
    "notes": "Robot was shaking a lot while driving",
    "scoutName": "Ben",
    "matchStart": 1711236960391,
    "submitTime": 1711237174579
  },
  {
    "matchId": "2024wasam_qm28",
    "teamNumber": 9023,
    "allianceColor": 1,
    "humanPlayerLocation": 1,
    "preload": true,
    "climb": 1,
    "defense": 1,
    "humanPlayerPerformance": 1,
    "matchResult": 0,
    "notes": "",
    "scoutName": "Zan Korman",
    "matchStart": 1711234378041,
    "submitTime": 1711234577319
  },
  {
    "matchId": "2024wasam_qm30",
    "teamNumber": 949,
    "allianceColor": 1,
    "humanPlayerLocation": 1,
    "preload": true,
    "climb": 2,
    "defense": 3,
    "humanPlayerPerformance": 2,
    "matchResult": 0,
    "notes": "",
    "scoutName": "Zan Korman",
    "matchStart": 1711235232551,
    "submitTime": 1711235427764
  },
  {
    "matchId": "2024wasam_qm31",
    "teamNumber": 8248,
    "allianceColor": 0,
    "humanPlayerLocation": 2,
    "preload": true,
    "climb": 1,
    "defense": 3,
    "humanPlayerPerformance": 1,
    "matchResult": 0,
    "notes": "",
    "scoutName": "Zan Korman",
    "matchStart": 1711235694935,
    "submitTime": 1711235929698
  },
  {
    "matchId": "2024wasam_qm32",
    "teamNumber": 9036,
    "allianceColor": 1,
    "humanPlayerLocation": 2,
    "preload": true,
    "climb": 2,
    "defense": 3,
    "humanPlayerPerformance": 0,
    "matchResult": 2,
    "notes": "",
    "scoutName": "Zan Korman",
    "matchStart": 1711236135170,
    "submitTime": 1711236556774
  },
  {
    "matchId": "2024wasam_qm33",
    "teamNumber": 948,
    "allianceColor": 0,
    "humanPlayerLocation": 1,
    "preload": true,
    "climb": 0,
    "defense": 2,
    "humanPlayerPerformance": 0,
    "matchResult": 2,
    "notes": "Did extremely well at the amp",
    "scoutName": "Zan Korman",
    "matchStart": 1711236558118,
    "submitTime": 1711236772612
  },
  {
    "matchId": "2024wasam_qm35",
    "teamNumber": 4173,
    "allianceColor": 1,
    "humanPlayerLocation": 2,
    "preload": true,
    "climb": 0,
    "defense": 3,
    "humanPlayerPerformance": 0,
    "matchResult": 2,
    "notes": "Became none functionalle halfway through ",
    "scoutName": "Zan Korman",
    "matchStart": 1711237434680,
    "submitTime": 1711237657366
  },
  {
    "matchId": "2024wasam_qm35",
    "teamNumber": 9442,
    "allianceColor": 1,
    "humanPlayerLocation": 0,
    "preload": true,
    "climb": 1,
    "defense": 3,
    "humanPlayerPerformance": 0,
    "matchResult": 0,
    "notes": "",
    "scoutName": "Ben",
    "matchStart": 1711237434951,
    "submitTime": 1711237671609
  },
  {
    "matchId": "2024wasam_qm35",
    "teamNumber": 3681,
    "allianceColor": 0,
    "humanPlayerLocation": 1,
    "preload": true,
    "climb": 1,
    "defense": 3,
    "humanPlayerPerformance": 0,
    "matchResult": 0,
    "notes": "",
    "scoutName": "Jake chitlik ",
    "matchStart": 1711237428406,
    "submitTime": 1711237655299
  },
  {
    "matchId": "2024wasam_qm16",
    "teamNumber": 1595,
    "allianceColor": 0,
    "humanPlayerLocation": 0,
    "preload": true,
    "climb": 0,
    "defense": 3,
    "humanPlayerPerformance": 0,
    "matchResult": 2,
    "notes": "",
    "scoutName": "Andrew Shan ",
    "matchStart": 1711228483058,
    "submitTime": 1711228689325
  },
  {
    "matchId": "2024wasam_qm17",
    "teamNumber": 2928,
    "allianceColor": 1,
    "humanPlayerLocation": 0,
    "preload": false,
    "climb": 2,
    "defense": 3,
    "humanPlayerPerformance": 0,
    "matchResult": 2,
    "notes": "",
    "scoutName": "Andrew Shan ",
    "matchStart": 1711228962601,
    "submitTime": 1711229176514
  },
  {
    "matchId": "2024wasam_qm18",
    "teamNumber": 4131,
    "allianceColor": 0,
    "humanPlayerLocation": 0,
    "preload": true,
    "climb": 0,
    "defense": 3,
    "humanPlayerPerformance": 0,
    "matchResult": 2,
    "notes": "",
    "scoutName": "Andrew Shan ",
    "matchStart": 1711229646276,
    "submitTime": 1711229848895
  },
  {
    "matchId": "2024wasam_qm19",
    "teamNumber": 9450,
    "allianceColor": 1,
    "humanPlayerLocation": 0,
    "preload": true,
    "climb": 0,
    "defense": 3,
    "humanPlayerPerformance": 0,
    "matchResult": 0,
    "notes": "",
    "scoutName": "Andrew Shan ",
    "matchStart": 1711230307198,
    "submitTime": 1711230571956
  },
  {
    "matchId": "2024wasam_qm20",
    "teamNumber": 6076,
    "allianceColor": 0,
    "humanPlayerLocation": 0,
    "preload": true,
    "climb": 2,
    "defense": 1,
    "humanPlayerPerformance": 0,
    "matchResult": 2,
    "notes": "",
    "scoutName": "Andrew Shan ",
    "matchStart": 1711230732860,
    "submitTime": 1711230955964
  },
  {
    "matchId": "2024wasam_qm21",
    "teamNumber": 1318,
    "allianceColor": 1,
    "humanPlayerLocation": 0,
    "preload": true,
    "climb": 2,
    "defense": 3,
    "humanPlayerPerformance": 0,
    "matchResult": 0,
    "notes": "",
    "scoutName": "Andrew Shan ",
    "matchStart": 1711231147599,
    "submitTime": 1711231352712
  },
  {
    "matchId": "2024wasam_qm41",
    "teamNumber": 3574,
    "allianceColor": 0,
    "humanPlayerLocation": 0,
    "preload": true,
    "climb": 0,
    "defense": 3,
    "humanPlayerPerformance": 0,
    "matchResult": 0,
    "notes": "",
    "scoutName": "Andrew Shan ",
    "matchStart": 1711241641951,
    "submitTime": 1711241817926
  },
  {
    "matchId": "2024wasam_qm49",
    "teamNumber": 3681,
    "allianceColor": 0,
    "humanPlayerLocation": 0,
    "preload": true,
    "climb": 2,
    "defense": 3,
    "humanPlayerPerformance": 1,
    "matchResult": 2,
    "notes": "",
    "scoutName": "Andrew Shan ",
    "matchStart": 1711245241040,
    "submitTime": 1711245511791
  },
  {
    "matchId": "2024wasam_qm50",
    "teamNumber": 5588,
    "allianceColor": 1,
    "humanPlayerLocation": 0,
    "preload": true,
    "climb": 1,
    "defense": 2,
    "humanPlayerPerformance": 0,
    "matchResult": 0,
    "notes": "Had a lot of mobility issues",
    "scoutName": "Andrew Shan ",
    "matchStart": 1711245696450,
    "submitTime": 1711245914543
  },
  {
    "matchId": "2024wasam_qm51",
    "teamNumber": 8248,
    "allianceColor": 0,
    "humanPlayerLocation": 0,
    "preload": true,
    "climb": 2,
    "defense": 3,
    "humanPlayerPerformance": 1,
    "matchResult": 0,
    "notes": "",
    "scoutName": "Andrew Shan ",
    "matchStart": 1711246097438,
    "submitTime": 1711246288534
  },
  {
    "matchId": "2024wasam_qm52",
    "teamNumber": 1595,
    "allianceColor": 1,
    "humanPlayerLocation": 0,
    "preload": true,
    "climb": 2,
    "defense": 3,
    "humanPlayerPerformance": 0,
    "matchResult": 2,
    "notes": "",
    "scoutName": "Andrew Shan ",
    "matchStart": 1711246521914,
    "submitTime": 1711246797219
  },
  {
    "matchId": "2024wasam_qm53",
    "teamNumber": 9023,
    "allianceColor": 0,
    "humanPlayerLocation": 0,
    "preload": true,
    "climb": 0,
    "defense": 3,
    "humanPlayerPerformance": 0,
    "matchResult": 0,
    "notes": "",
    "scoutName": "Andrew Shan ",
    "matchStart": 1711247015420,
    "submitTime": 1711247220903
  },
  {
    "matchId": "2024wasam_qm54",
    "teamNumber": 4918,
    "allianceColor": 1,
    "humanPlayerLocation": 0,
    "preload": true,
    "climb": 1,
    "defense": 3,
    "humanPlayerPerformance": 0,
    "matchResult": 0,
    "notes": "",
    "scoutName": "Andrew Shan ",
    "matchStart": 1711247440511,
    "submitTime": 1711247634113
  },
  {
    "matchId": "2024wasam_qm55",
    "teamNumber": 4173,
    "allianceColor": 0,
    "humanPlayerLocation": 0,
    "preload": true,
    "climb": 1,
    "defense": 3,
    "humanPlayerPerformance": 0,
    "matchResult": 2,
    "notes": "",
    "scoutName": "Andrew Shan ",
    "matchStart": 1711247830685,
    "submitTime": 1711248079822
  },
  {
    "matchId": "2024wasam_qm56",
    "teamNumber": 948,
    "allianceColor": 1,
    "humanPlayerLocation": 0,
    "preload": true,
    "climb": 0,
    "defense": 3,
    "humanPlayerPerformance": 0,
    "matchResult": 2,
    "notes": "Stopped moving for a short period and got a note stuck for a short period ",
    "scoutName": "Andrew Shan ",
    "matchStart": 1711296787575,
    "submitTime": 1711297005288
  },
  {
    "matchId": "2024wasam_qm57",
    "teamNumber": 7461,
    "allianceColor": 0,
    "humanPlayerLocation": 0,
    "preload": true,
    "climb": 0,
    "defense": 3,
    "humanPlayerPerformance": 1,
    "matchResult": 2,
    "notes": "Froze for a long time ",
    "scoutName": "Andrew Shan ",
    "matchStart": 1711297168770,
    "submitTime": 1711297373541
  },
  {
    "matchId": "2024wasam_qm58",
    "teamNumber": 8051,
    "allianceColor": 1,
    "humanPlayerLocation": 0,
    "preload": true,
    "climb": 2,
    "defense": 3,
    "humanPlayerPerformance": 0,
    "matchResult": 0,
    "notes": "",
    "scoutName": "Andrew Shan ",
    "matchStart": 1711297614859,
    "submitTime": 1711297819899
  },
  {
    "matchId": "2024wasam_qm59",
    "teamNumber": 948,
    "allianceColor": 0,
    "humanPlayerLocation": 0,
    "preload": true,
    "climb": 0,
    "defense": 3,
    "humanPlayerPerformance": 0,
    "matchResult": 0,
    "notes": "Note wouldn’t shoot when lined up at amp, and also kept shooting weakly at speaker. Would also shoot note out after intake which I just marked as speaker miss ",
    "scoutName": "Andrew Shan ",
    "matchStart": 1711298075450,
    "submitTime": 1711298361055
  },
  {
    "matchId": "2024wasam_qm60",
    "teamNumber": 1294,
    "allianceColor": 1,
    "humanPlayerLocation": 0,
    "preload": true,
    "climb": 0,
    "defense": 3,
    "humanPlayerPerformance": 0,
    "matchResult": 2,
    "notes": "",
    "scoutName": "Andrew Shan ",
    "matchStart": 1711298517514,
    "submitTime": 1711298745692
  },
  {
    "matchId": "2024wasam_qm61",
    "teamNumber": 9450,
    "allianceColor": 0,
    "humanPlayerLocation": 0,
    "preload": true,
    "climb": 2,
    "defense": 3,
    "humanPlayerPerformance": 0,
    "matchResult": 0,
    "notes": "",
    "scoutName": "Andrew Shan ",
    "matchStart": 1711298975739,
    "submitTime": 1711299234593
  },
  {
    "matchId": "2024wasam_qm62",
    "teamNumber": 2928,
    "allianceColor": 1,
    "humanPlayerLocation": 0,
    "preload": true,
    "climb": 0,
    "defense": 3,
    "humanPlayerPerformance": 0,
    "matchResult": 0,
    "notes": "",
    "scoutName": "Andrew Shan ",
    "matchStart": 1711299386162,
    "submitTime": 1711299577099
  },
  {
    "matchId": "2024wasam_qm63",
    "teamNumber": 4173,
    "allianceColor": 0,
    "humanPlayerLocation": 0,
    "preload": false,
    "climb": 0,
    "defense": 3,
    "humanPlayerPerformance": 0,
    "matchResult": 2,
    "notes": "Started playing defense halfway through \n\nBoth alliances got ensemble because of that one rule break ",
    "scoutName": "Andrew Shan ",
    "matchStart": 1711300104900,
    "submitTime": 1711300386470
  },
  {
    "matchId": "2024wasam_qm64",
    "teamNumber": 4918,
    "allianceColor": 1,
    "humanPlayerLocation": 0,
    "preload": true,
    "climb": 2,
    "defense": 3,
    "humanPlayerPerformance": 0,
    "matchResult": 2,
    "notes": "G424 violation ensemble both sides ",
    "scoutName": "Andrew Shan ",
    "matchStart": 1711300547083,
    "submitTime": 1711300890063
  },
  {
    "matchId": "2024wasam_qm65",
    "teamNumber": 8248,
    "allianceColor": 0,
    "humanPlayerLocation": 2,
    "preload": true,
    "climb": 1,
    "defense": 3,
    "humanPlayerPerformance": 0,
    "matchResult": 0,
    "notes": "",
    "scoutName": "Andrew Shan ",
    "matchStart": 1711301055034,
    "submitTime": 1711301267298
  },
  {
    "matchId": "2024wasam_qm66",
    "teamNumber": 9023,
    "allianceColor": 1,
    "humanPlayerLocation": 0,
    "preload": true,
    "climb": 0,
    "defense": 3,
    "humanPlayerPerformance": 0,
    "matchResult": 0,
    "notes": "Match start was a few seconds late",
    "scoutName": "Andrew Shan ",
    "matchStart": 1711301523060,
    "submitTime": 1711301756893
  },
  {
    "matchId": "2024wasam_qm67",
    "teamNumber": 9036,
    "allianceColor": 0,
    "humanPlayerLocation": 0,
    "preload": true,
    "climb": 2,
    "defense": 3,
    "humanPlayerPerformance": 1,
    "matchResult": 2,
    "notes": "Spotlit harmony climb ",
    "scoutName": "Andrew Shan ",
    "matchStart": 1711302002915,
    "submitTime": 1711302251196
  },
  {
    "matchId": "2024wasam_qm68",
    "teamNumber": 2046,
    "allianceColor": 1,
    "humanPlayerLocation": 0,
    "preload": true,
    "climb": 0,
    "defense": 3,
    "humanPlayerPerformance": 0,
    "matchResult": 2,
    "notes": "",
    "scoutName": "Andrew Shan ",
    "matchStart": 1711302475244,
    "submitTime": 1711302775678
  },
  {
    "matchId": "2024wasam_qm34",
    "teamNumber": 488,
    "allianceColor": 0,
    "humanPlayerLocation": 1,
    "preload": true,
    "climb": 1,
    "defense": 3,
    "humanPlayerPerformance": 0,
    "matchResult": 0,
    "notes": "",
    "scoutName": "Andreas Bays",
    "matchStart": 1711236961122,
    "submitTime": 1711237174823
  },
  {
    "matchId": "2024wasam_qm35",
    "teamNumber": 9450,
    "allianceColor": 1,
    "humanPlayerLocation": 0,
    "preload": false,
    "climb": 1,
    "defense": 3,
    "humanPlayerPerformance": 0,
    "matchResult": 2,
    "notes": "",
    "scoutName": "Andreas Bays",
    "matchStart": 1711237438886,
    "submitTime": 1711237746563
  },
  {
    "matchId": "2024wasam_qm36",
    "teamNumber": 492,
    "allianceColor": 0,
    "humanPlayerLocation": 1,
    "preload": true,
    "climb": 0,
    "defense": 2,
    "humanPlayerPerformance": 0,
    "matchResult": 2,
    "notes": "Auto hit wall and stopped",
    "scoutName": "Andreas Bays",
    "matchStart": 1711237988712,
    "submitTime": 1711238182111
  },
  {
    "matchId": "2024wasam_qm46",
    "teamNumber": 9023,
    "allianceColor": 0,
    "humanPlayerLocation": 0,
    "preload": false,
    "climb": 1,
    "defense": 2,
    "humanPlayerPerformance": 0,
    "matchResult": 2,
    "notes": "",
    "scoutName": "Andreas Bays",
    "matchStart": 1711243925124,
    "submitTime": 1711244187728
  },
  {
    "matchId": "2024wasam_qm47",
    "teamNumber": 1595,
    "allianceColor": 1,
    "humanPlayerLocation": 1,
    "preload": true,
    "climb": 2,
    "defense": 4,
    "humanPlayerPerformance": 0,
    "matchResult": 0,
    "notes": "They have pneumatic climbers and they're awaome",
    "scoutName": "Andreas Bays",
    "matchStart": 1711244325659,
    "submitTime": 1711244516945
  },
  {
    "matchId": "2024wasam_qm48",
    "teamNumber": 9442,
    "allianceColor": 0,
    "humanPlayerLocation": 0,
    "preload": false,
    "climb": 0,
    "defense": 1,
    "humanPlayerPerformance": 0,
    "matchResult": 0,
    "notes": "I might have been seeing 2412 for a couple cycles. Also they had a really hard time aiming and shooting. It looked like a driver assist or some controls thing was keeping them from shooting even when they were on target ",
    "scoutName": "Andreas Bays",
    "matchStart": 1711244758788,
    "submitTime": 1711245072637
  },
  {
    "matchId": "2024wasam_qm49",
    "teamNumber": 1983,
    "allianceColor": 1,
    "humanPlayerLocation": 0,
    "preload": false,
    "climb": 1,
    "defense": 1,
    "humanPlayerPerformance": 0,
    "matchResult": 0,
    "notes": "Connection problems",
    "scoutName": "Andreas Bays",
    "matchStart": 1711245243376,
    "submitTime": 1711245496901
  },
  {
    "matchId": "2024wasam_qm50",
    "teamNumber": 2976,
    "allianceColor": 0,
    "humanPlayerLocation": 0,
    "preload": false,
    "climb": 0,
    "defense": 1,
    "humanPlayerPerformance": 1,
    "matchResult": 2,
    "notes": "Jammed once. It caused missed speaker",
    "scoutName": "Andreas Bays",
    "matchStart": 1711245696284,
    "submitTime": 1711245927101
  },
  {
    "matchId": "2024wasam_qm51",
    "teamNumber": 3574,
    "allianceColor": 1,
    "humanPlayerLocation": 0,
    "preload": false,
    "climb": 1,
    "defense": 1,
    "humanPlayerPerformance": 0,
    "matchResult": 0,
    "notes": "2 notes came out really slow. Shooter wasn't consistent",
    "scoutName": "Andreas Bays",
    "matchStart": 1711246100856,
    "submitTime": 1711246323733
  },
  {
    "matchId": "2024wasam_qm52",
    "teamNumber": 4131,
    "allianceColor": 0,
    "humanPlayerLocation": 1,
    "preload": true,
    "climb": 0,
    "defense": 1,
    "humanPlayerPerformance": 0,
    "matchResult": 0,
    "notes": "Their driver was really fast and smooth. Their shooting was prettybad. Their human player was trying (badly)to tell them that they had picked up a note already for almost 10 seconds",
    "scoutName": "Andreas Bays",
    "matchStart": 1711246527113,
    "submitTime": 1711246763922
  },
  {
    "matchId": "2024wasam_qm53",
    "teamNumber": 1294,
    "allianceColor": 1,
    "humanPlayerLocation": 1,
    "preload": true,
    "climb": 1,
    "defense": 1,
    "humanPlayerPerformance": 0,
    "matchResult": 2,
    "notes": "They were super smooth and consistent",
    "scoutName": "Andreas Bays",
    "matchStart": 1711247018431,
    "submitTime": 1711247261880
  },
  {
    "matchId": "2024wasam_qm54",
    "teamNumber": 360,
    "allianceColor": 0,
    "humanPlayerLocation": 2,
    "preload": true,
    "climb": 0,
    "defense": 4,
    "humanPlayerPerformance": 1,
    "matchResult": 2,
    "notes": "Event high score",
    "scoutName": "Andreas Bays",
    "matchStart": 1711247442646,
    "submitTime": 1711247680307
  },
  {
    "matchId": "2024wasam_qm55",
    "teamNumber": 8248,
    "allianceColor": 1,
    "humanPlayerLocation": 0,
    "preload": false,
    "climb": 1,
    "defense": 4,
    "humanPlayerPerformance": 1,
    "matchResult": 0,
    "notes": "We were ferrying the notes",
    "scoutName": "Andreas Bays",
    "matchStart": 1711247832061,
    "submitTime": 1711248067775
  },
  {
    "matchId": "2024wasam_qm67",
    "teamNumber": 3681,
    "allianceColor": 1,
    "humanPlayerLocation": 1,
    "preload": true,
    "climb": 2,
    "defense": 1,
    "humanPlayerPerformance": 0,
    "matchResult": 0,
    "notes": "",
    "scoutName": "Andreas Bays",
    "matchStart": 1711302003056,
    "submitTime": 1711302207520
  },
  {
    "matchId": "2024wasam_qm68",
    "teamNumber": 2928,
    "allianceColor": 0,
    "humanPlayerLocation": 1,
    "preload": true,
    "climb": 2,
    "defense": 1,
    "humanPlayerPerformance": 0,
    "matchResult": 2,
    "notes": "We defended well. Couldn't get around defense ",
    "scoutName": "Andreas Bays",
    "matchStart": 1711302474673,
    "submitTime": 1711302800772
  },
  {
    "matchId": "2024wasam_qm14",
    "teamNumber": 9036,
    "allianceColor": 0,
    "humanPlayerLocation": 0,
    "preload": true,
    "climb": 2,
    "defense": 3,
    "humanPlayerPerformance": 0,
    "matchResult": 2,
    "notes": "",
    "scoutName": "Tessabell ",
    "matchStart": 1711227603853,
    "submitTime": 1711227831769
  },
  {
    "matchId": "2024wasam_qm15",
    "teamNumber": 1899,
    "allianceColor": 1,
    "humanPlayerLocation": 0,
    "preload": false,
    "climb": 2,
    "defense": 3,
    "humanPlayerPerformance": 1,
    "matchResult": 2,
    "notes": "",
    "scoutName": "Tessabell ",
    "matchStart": 1711228048076,
    "submitTime": 1711228237447
  },
  {
    "matchId": "2024wasam_qm36",
    "teamNumber": 4104,
    "allianceColor": 0,
    "humanPlayerLocation": 0,
    "preload": true,
    "climb": 1,
    "defense": 3,
    "humanPlayerPerformance": 0,
    "matchResult": 2,
    "notes": "Attempted to climb",
    "scoutName": "Tessabell ",
    "matchStart": 1711237990779,
    "submitTime": 1711238179462
  },
  {
    "matchId": "2024wasam_qm37",
    "teamNumber": 2412,
    "allianceColor": 0,
    "humanPlayerLocation": 0,
    "preload": true,
    "climb": 1,
    "defense": 3,
    "humanPlayerPerformance": 0,
    "matchResult": 0,
    "notes": "They broke a node on the pickup fail",
    "scoutName": "Tessabell ",
    "matchStart": 1711238520841,
    "submitTime": 1711238699949
  },
  {
    "matchId": "2024wasam_qm46",
    "teamNumber": 2046,
    "allianceColor": 1,
    "humanPlayerLocation": 0,
    "preload": true,
    "climb": 2,
    "defense": 3,
    "humanPlayerPerformance": 0,
    "matchResult": 0,
    "notes": "Got a trap point",
    "scoutName": "Tessabell ",
    "matchStart": 1711243905035,
    "submitTime": 1711244111936
  },
  {
    "matchId": "2024wasam_qm47",
    "teamNumber": 4131,
    "allianceColor": 0,
    "humanPlayerLocation": 0,
    "preload": true,
    "climb": 1,
    "defense": 3,
    "humanPlayerPerformance": 0,
    "matchResult": 0,
    "notes": "Kept dropping the node on their robot instead of in the amp ",
    "scoutName": "Tessabell ",
    "matchStart": 1711244325538,
    "submitTime": 1711244513449
  },
  {
    "matchId": "2024wasam_qm50",
    "teamNumber": 4180,
    "allianceColor": 1,
    "humanPlayerLocation": 0,
    "preload": true,
    "climb": 1,
    "defense": 3,
    "humanPlayerPerformance": 0,
    "matchResult": 0,
    "notes": "Attempted to climb",
    "scoutName": "Tessabell ",
    "matchStart": 1711245696699,
    "submitTime": 1711245912415
  },
  {
    "matchId": "2024wasam_qm52",
    "teamNumber": 4980,
    "allianceColor": 1,
    "humanPlayerLocation": 0,
    "preload": true,
    "climb": 1,
    "defense": 3,
    "humanPlayerPerformance": 0,
    "matchResult": 2,
    "notes": "Flinging nodes to alliance partners near speaker",
    "scoutName": "Tessabell ",
    "matchStart": 1711246522000,
    "submitTime": 1711246775367
  },
  {
    "matchId": "2024wasam_qm53",
    "teamNumber": 949,
    "allianceColor": 0,
    "humanPlayerLocation": 0,
    "preload": false,
    "climb": 0,
    "defense": 3,
    "humanPlayerPerformance": 0,
    "matchResult": 0,
    "notes": "They had a node preloaded and then picked up another and got it all jammed...",
    "scoutName": "Tessabell ",
    "matchStart": 1711247015487,
    "submitTime": 1711247213734
  },
  {
    "matchId": "2024wasam_qm56",
    "teamNumber": 3681,
    "allianceColor": 0,
    "humanPlayerLocation": 0,
    "preload": true,
    "climb": 2,
    "defense": 3,
    "humanPlayerPerformance": 0,
    "matchResult": 0,
    "notes": "",
    "scoutName": "Tessabell ",
    "matchStart": 1711296787146,
    "submitTime": 1711296979123
  },
  {
    "matchId": "2024wasam_qm57",
    "teamNumber": 6076,
    "allianceColor": 1,
    "humanPlayerLocation": 0,
    "preload": true,
    "climb": 2,
    "defense": 3,
    "humanPlayerPerformance": 0,
    "matchResult": 0,
    "notes": "Something definitely happened that I couldn't see - they were just sitting in one place(I couldn't see it so I can't tell you what happened) but they seemed to get back at the end ",
    "scoutName": "Tessabell ",
    "matchStart": 1711297169115,
    "submitTime": 1711297384792
  },
  {
    "matchId": "2024wasam_qm58",
    "teamNumber": 1595,
    "allianceColor": 0,
    "humanPlayerLocation": 0,
    "preload": true,
    "climb": 2,
    "defense": 3,
    "humanPlayerPerformance": 0,
    "matchResult": 2,
    "notes": "",
    "scoutName": "Tessabell ",
    "matchStart": 1711297615355,
    "submitTime": 1711297821821
  },
  {
    "matchId": "2024wasam_qm62",
    "teamNumber": 492,
    "allianceColor": 1,
    "humanPlayerLocation": 0,
    "preload": true,
    "climb": 2,
    "defense": 3,
    "humanPlayerPerformance": 0,
    "matchResult": 0,
    "notes": "Tried to harmonize ",
    "scoutName": "Tessabell ",
    "matchStart": 1711299386662,
    "submitTime": 1711299572618
  },
  {
    "matchId": "2024wasam_qm63",
    "teamNumber": 1318,
    "allianceColor": 0,
    "humanPlayerLocation": 0,
    "preload": true,
    "climb": 1,
    "defense": 3,
    "humanPlayerPerformance": 0,
    "matchResult": 2,
    "notes": "",
    "scoutName": "Tessabell ",
    "matchStart": 1711300105234,
    "submitTime": 1711300277381
  },
  {
    "matchId": "2024wasam_qm64",
    "teamNumber": 4131,
    "allianceColor": 1,
    "humanPlayerLocation": 0,
    "preload": true,
    "climb": 0,
    "defense": 3,
    "humanPlayerPerformance": 0,
    "matchResult": 0,
    "notes": "They started defending in the middle but it seemed like they also had technical difficulties bc they couldn't pick a node ho and then couldn't climb? Idk if they usually climb but I'd assym if they could shoot it climb they would have done that instead of just sitting thre",
    "scoutName": "Tessabell ",
    "matchStart": 1711300552386,
    "submitTime": 1711300847330
  },
  {
    "matchId": "2024wasam_qm65",
    "teamNumber": 6076,
    "allianceColor": 0,
    "humanPlayerLocation": 0,
    "preload": true,
    "climb": 2,
    "defense": 3,
    "humanPlayerPerformance": 0,
    "matchResult": 0,
    "notes": "Defending the whole time basically ",
    "scoutName": "Tessabell ",
    "matchStart": 1711301055444,
    "submitTime": 1711301271750
  },
  {
    "matchId": "2024wasam_qm66",
    "teamNumber": 488,
    "allianceColor": 0,
    "humanPlayerLocation": 2,
    "preload": true,
    "climb": 0,
    "defense": 3,
    "humanPlayerPerformance": 0,
    "matchResult": 2,
    "notes": "",
    "scoutName": "Tessabell ",
    "matchStart": 1711301518303,
    "submitTime": 1711301710320
  },
  {
    "matchId": "2024wasam_qm67",
    "teamNumber": 949,
    "allianceColor": 1,
    "humanPlayerLocation": 0,
    "preload": false,
    "climb": 2,
    "defense": 3,
    "humanPlayerPerformance": 0,
    "matchResult": 0,
    "notes": "Defending ",
    "scoutName": "Tessabell ",
    "matchStart": 1711302012840,
    "submitTime": 1711302194884
  },
  {
    "matchId": "2024wasam_qm68",
    "teamNumber": 9442,
    "allianceColor": 0,
    "humanPlayerLocation": 1,
    "preload": true,
    "climb": 0,
    "defense": 3,
    "humanPlayerPerformance": 0,
    "matchResult": 0,
    "notes": "Confused by their end strat",
    "scoutName": "Tessabell ",
    "matchStart": 1711302475157,
    "submitTime": 1711302779218
  }
]